<?xml version="1.0" encoding="UTF-8"?>
<!--
 This is a WordPress eXtended RSS file generated by WordPress as an export of your site.
 It contains information about your site's posts, pages, comments, categories, and other content.
 You may use this file to transfer that content from one site to another.
 This file is not intended to serve as a complete backup of your site.

 To import this information into a WordPress site follow these steps:
 1. Log in to that site as an administrator.
 2. Go to Tools: Import in the WordPress admin panel.
 3. Install the "WordPress" importer from the list.
 4. Activate & Run Importer.
 5. Upload this file using the form provided on that page.
 6. You will first be asked to map the authors in this export file to users
    on the site. For each author, you may choose to map to an
    existing user on the site or to create a new user.
 7. WordPress will then import each of the posts, pages, comments, categories, etc.
    contained in this file into your site.
-->
<!-- generator="WordPress.com" created="2024-06-03 14:49"-->
<rss version="2.0" xmlns:excerpt="http://wordpress.org/export/1.2/excerpt/" xmlns:content="http://purl.org/rss/1.0/modules/content/" xmlns:wfw="http://wellformedweb.org/CommentAPI/" xmlns:dc="http://purl.org/dc/elements/1.1/" xmlns:wp="http://wordpress.org/export/1.2/">
  <channel>
<title>Krystyna Puhachova</title>
<link>https://krystynapuhachovaexamtask3.wordpress.com</link>
<description>travel blog</description>
<pubDate>Mon, 03 Jun 2024 14:49:00 +0000</pubDate>
<language>ru-RU</language>
<wp:wxr_version>1.2</wp:wxr_version>
<wp:base_site_url>http://wordpress.com/</wp:base_site_url>
<wp:base_blog_url>https://krystynapuhachovaexamtask3.wordpress.com</wp:base_blog_url>
<wp:author>
  <wp:author_id>159769994</wp:author_id>
  <wp:author_login>pugachevak01</wp:author_login>
  <wp:author_email>pugacheva.k01@gmail.com</wp:author_email>
  <wp:author_display_name><![CDATA[Кристина Пугачёва]]></wp:author_display_name>
  <wp:author_first_name><![CDATA[Кристина]]></wp:author_first_name>
  <wp:author_last_name><![CDATA[Пугачёва]]></wp:author_last_name>
</wp:author>
<wp:category>
  <wp:term_id>805610</wp:term_id>
  <wp:category_nicename>%d0%b1%d0%b5%d0%b7-%d1%80%d1%83%d0%b1%d1%80%d0%b8%d0%ba%d0%b8</wp:category_nicename>
  <wp:category_parent/>
  <wp:cat_name><![CDATA[Без рубрики]]></wp:cat_name>
</wp:category>
<generator>http://wordpress.com/</generator>
<image>
		<url>http://s0.wp.com/i/buttonw-com.png</url>
		<title>Krystyna Puhachova</title>
		<link>https://krystynapuhachovaexamtask3.wordpress.com</link>
	</image>
	<item>
  <title><![CDATA[About us]]></title>
  <link>https://krystynapuhachovaexamtask3.wordpress.com/about/</link>
  <pubDate>Mon, 03 Jun 2024 13:44:05 +0000</pubDate>
  <dc:creator>pugachevak01</dc:creator>
  <guid isPermaLink="false">http://krystynapuhachovaexamtask3.wordpress.com/?page_id=1</guid>
  <description/>
  <content:encoded><![CDATA[<!-- wp:paragraph -->
<p>Example</p>
<!-- /wp:paragraph -->]]></content:encoded>
  <excerpt:encoded><![CDATA[]]></excerpt:encoded>
  <wp:post_id>1</wp:post_id>
  <wp:post_date>2024-06-03 13:44:05</wp:post_date>
  <wp:post_date_gmt>2024-06-03 13:44:05</wp:post_date_gmt>
  <wp:post_modified>2024-06-03 16:21:59</wp:post_modified>
  <wp:post_modified_gmt>2024-06-03 14:21:59</wp:post_modified_gmt>
  <wp:comment_status>closed</wp:comment_status>
  <wp:ping_status>open</wp:ping_status>
  <wp:post_name>about</wp:post_name>
  <wp:status>publish</wp:status>
  <wp:post_parent>0</wp:post_parent>
  <wp:menu_order>0</wp:menu_order>
  <wp:post_type>page</wp:post_type>
  <wp:post_password/>
  <wp:is_sticky>0</wp:is_sticky>
  <wp:postmeta>
    <wp:meta_key>_wp_page_template</wp:meta_key>
    <wp:meta_value><![CDATA[default]]></wp:meta_value>
  </wp:postmeta>
</item>
<item>
  <title><![CDATA[Привет, мир!]]></title>
  <link>https://krystynapuhachovaexamtask3.wordpress.com/?p=2</link>
  <pubDate>Mon, 03 Jun 2024 13:39:06 +0000</pubDate>
  <dc:creator>pugachevak01</dc:creator>
  <guid isPermaLink="false">https://krystynapuhachovaexamtask3.wordpress.com/2024/06/03/hello-world/</guid>
  <description/>
  <content:encoded><![CDATA[<!-- wp:paragraph -->
<p>Добро пожаловать в WordPress! Это ваша первая запись. Измените или удалите её, чтобы сделать первый шаг на пути блогера.</p>
<!-- /wp:paragraph -->]]></content:encoded>
  <excerpt:encoded><![CDATA[]]></excerpt:encoded>
  <wp:post_id>2</wp:post_id>
  <wp:post_date>2024-06-03 17:39:06</wp:post_date>
  <wp:post_date_gmt>2024-06-03 13:39:06</wp:post_date_gmt>
  <wp:post_modified>2024-06-03 16:42:34</wp:post_modified>
  <wp:post_modified_gmt>2024-06-03 14:42:34</wp:post_modified_gmt>
  <wp:comment_status>open</wp:comment_status>
  <wp:ping_status>open</wp:ping_status>
  <wp:post_name>hello-world__trashed</wp:post_name>
  <wp:status>trash</wp:status>
  <wp:post_parent>0</wp:post_parent>
  <wp:menu_order>0</wp:menu_order>
  <wp:post_type>post</wp:post_type>
  <wp:post_password/>
  <wp:is_sticky>0</wp:is_sticky>
  <category domain="category" nicename="%d0%b1%d0%b5%d0%b7-%d1%80%d1%83%d0%b1%d1%80%d0%b8%d0%ba%d0%b8"><![CDATA[Без рубрики]]></category>
  <wp:postmeta>
    <wp:meta_key>sharing_disabled</wp:meta_key>
    <wp:meta_value><![CDATA[a:1:{i:0;N;}]]></wp:meta_value>
  </wp:postmeta>
  <wp:postmeta>
    <wp:meta_key>switch_like_status</wp:meta_key>
    <wp:meta_value><![CDATA[a:1:{i:0;N;}]]></wp:meta_value>
  </wp:postmeta>
  <wp:postmeta>
    <wp:meta_key>_starter_page_template</wp:meta_key>
    <wp:meta_value><![CDATA[]]></wp:meta_value>
  </wp:postmeta>
  <wp:postmeta>
    <wp:meta_key>_hs_old_id</wp:meta_key>
    <wp:meta_value><![CDATA[4]]></wp:meta_value>
  </wp:postmeta>
  <wp:postmeta>
    <wp:meta_key>_publicize_pending</wp:meta_key>
    <wp:meta_value><![CDATA[1]]></wp:meta_value>
  </wp:postmeta>
  <wp:postmeta>
    <wp:meta_key>_wp_trash_meta_status</wp:meta_key>
    <wp:meta_value><![CDATA[publish]]></wp:meta_value>
  </wp:postmeta>
  <wp:postmeta>
    <wp:meta_key>_wp_trash_meta_time</wp:meta_key>
    <wp:meta_value><![CDATA[1717425754]]></wp:meta_value>
  </wp:postmeta>
  <wp:postmeta>
    <wp:meta_key>_wp_desired_post_slug</wp:meta_key>
    <wp:meta_value><![CDATA[hello-world]]></wp:meta_value>
  </wp:postmeta>
</item>
<item>
  <title><![CDATA[Custom Styles]]></title>
  <link>https://krystynapuhachovaexamtask3.wordpress.com/2024/06/03/wp-global-styles-pub%2fbute/</link>
  <pubDate>Mon, 03 Jun 2024 13:46:32 +0000</pubDate>
  <dc:creator>pugachevak01</dc:creator>
  <guid isPermaLink="false">https://krystynapuhachovaexamtask3.wordpress.com/2024/06/03/wp-global-styles-pub%2fbute/</guid>
  <description/>
  <content:encoded><![CDATA[{"version":3,"isGlobalStylesUserThemeJSON":true}]]></content:encoded>
  <excerpt:encoded><![CDATA[]]></excerpt:encoded>
  <wp:post_id>3</wp:post_id>
  <wp:post_date>2024-06-03 15:46:32</wp:post_date>
  <wp:post_date_gmt>2024-06-03 13:46:32</wp:post_date_gmt>
  <wp:post_modified>2024-06-03 15:46:32</wp:post_modified>
  <wp:post_modified_gmt>2024-06-03 13:46:32</wp:post_modified_gmt>
  <wp:comment_status>closed</wp:comment_status>
  <wp:ping_status>closed</wp:ping_status>
  <wp:post_name>wp-global-styles-pub%2fbute</wp:post_name>
  <wp:status>publish</wp:status>
  <wp:post_parent>0</wp:post_parent>
  <wp:menu_order>0</wp:menu_order>
  <wp:post_type>wp_global_styles</wp:post_type>
  <wp:post_password/>
  <wp:is_sticky>0</wp:is_sticky>
  <category domain="wp_theme" nicename="bute"><![CDATA[bute]]></category>
  <wp:postmeta>
    <wp:meta_key>_publicize_pending</wp:meta_key>
    <wp:meta_value><![CDATA[1]]></wp:meta_value>
  </wp:postmeta>
</item>
<item>
  <title><![CDATA[Навигация]]></title>
  <link>https://krystynapuhachovaexamtask3.wordpress.com/2024/06/03/navigation/</link>
  <pubDate>Mon, 03 Jun 2024 13:46:35 +0000</pubDate>
  <dc:creator>pugachevak01</dc:creator>
  <guid isPermaLink="false">https://krystynapuhachovaexamtask3.wordpress.com/2024/06/03/navigation/</guid>
  <description/>
  <content:encoded><![CDATA[<!-- wp:navigation-link {"label":"About us","type":"page","id":1,"url":"https://krystynapuhachovaexamtask3.wordpress.com/about/","kind":"post-type"} /-->

<!-- wp:navigation-link {"label":"Blogs","type":"page","id":41,"url":"https://krystynapuhachovaexamtask3.wordpress.com/blogs/","kind":"post-type"} /-->

<!-- wp:navigation-link {"label":"Contact","type":"page","id":25,"url":"https://krystynapuhachovaexamtask3.wordpress.com/contact/","kind":"post-type"} /-->]]></content:encoded>
  <excerpt:encoded><![CDATA[]]></excerpt:encoded>
  <wp:post_id>4</wp:post_id>
  <wp:post_date>2024-06-03 15:46:35</wp:post_date>
  <wp:post_date_gmt>2024-06-03 13:46:35</wp:post_date_gmt>
  <wp:post_modified>2024-06-03 16:37:48</wp:post_modified>
  <wp:post_modified_gmt>2024-06-03 14:37:48</wp:post_modified_gmt>
  <wp:comment_status>closed</wp:comment_status>
  <wp:ping_status>closed</wp:ping_status>
  <wp:post_name>navigation</wp:post_name>
  <wp:status>publish</wp:status>
  <wp:post_parent>0</wp:post_parent>
  <wp:menu_order>0</wp:menu_order>
  <wp:post_type>wp_navigation</wp:post_type>
  <wp:post_password/>
  <wp:is_sticky>0</wp:is_sticky>
</item>
<item>
  <title><![CDATA[First post]]></title>
  <link>https://krystynapuhachovaexamtask3.wordpress.com/2024/06/03/first-post/</link>
  <pubDate>Mon, 03 Jun 2024 13:58:21 +0000</pubDate>
  <dc:creator>pugachevak01</dc:creator>
  <guid isPermaLink="false">https://krystynapuhachovaexamtask3.wordpress.com/?p=5</guid>
  <description/>
  <content:encoded><![CDATA[<!-- wp:cover {"url":"https://krystynapuhachovaexamtask3.wordpress.com/wp-content/uploads/2024/06/pexels-photo-1051075.jpeg","id":21,"dimRatio":50,"customOverlayColor":"#b9b7b1","isDark":false,"layout":{"type":"constrained"}} -->
<div class="wp-block-cover is-light"><span aria-hidden="true" class="wp-block-cover__background has-background-dim" style="background-color:#b9b7b1"></span><img class="wp-block-cover__image-background wp-image-21" alt="" src="https://krystynapuhachovaexamtask3.wordpress.com/wp-content/uploads/2024/06/pexels-photo-1051075.jpeg" data-object-fit="cover" /><div class="wp-block-cover__inner-container"><!-- wp:paragraph {"align":"center","placeholder":"Введите заголовок...","fontSize":"large"} -->
<p class="has-text-align-center has-large-font-size">Here</p>
<!-- /wp:paragraph --></div></div>
<!-- /wp:cover -->

<!-- wp:paragraph {"backgroundColor":"secondary"} -->
<p class="has-secondary-background-color has-background">Text</p>
<!-- /wp:paragraph -->

<!-- wp:gallery {"linkTo":"none"} -->
<figure class="wp-block-gallery has-nested-images columns-default is-cropped"><!-- wp:image {"id":7,"sizeSlug":"large","linkDestination":"none"} -->
<figure class="wp-block-image size-large"><img src="https://krystynapuhachovaexamtask3.wordpress.com/wp-content/uploads/2024/06/stained-glass-spiral-circle-pattern-161154.jpeg?w=1024" alt="" class="wp-image-7" /><figcaption class="wp-element-caption">Photo by Pixabay on <a href="https://www.pexels.com/ru-ru/photo/161154/" rel="nofollow">Pexels.com</a></figcaption></figure>
<!-- /wp:image -->

<!-- wp:image {"id":8,"sizeSlug":"large","linkDestination":"none"} -->
<figure class="wp-block-image size-large"><img src="https://krystynapuhachovaexamtask3.wordpress.com/wp-content/uploads/2024/06/pexels-photo-2911521.jpeg?w=768" alt="" class="wp-image-8" /><figcaption class="wp-element-caption">Photo by Dids . on <a href="https://www.pexels.com/ru-ru/photo/2911521/" rel="nofollow">Pexels.com</a></figcaption></figure>
<!-- /wp:image -->

<!-- wp:image {"id":9,"sizeSlug":"large","linkDestination":"none"} -->
<figure class="wp-block-image size-large"><img src="https://krystynapuhachovaexamtask3.wordpress.com/wp-content/uploads/2024/06/pexels-photo-1566909.jpeg?w=1024" alt="" class="wp-image-9" /><figcaption class="wp-element-caption">Photo by Alexander Grey on <a href="https://www.pexels.com/ru-ru/photo/1566909/" rel="nofollow">Pexels.com</a></figcaption></figure>
<!-- /wp:image --></figure>
<!-- /wp:gallery -->

<!-- wp:jetpack/tiled-gallery {"columns":3,"columnWidths":[["42.58598","57.41402"],["100.00000"]],"ids":[14,15,16,17,18]} -->
<div class="wp-block-jetpack-tiled-gallery aligncenter is-style-rectangular"><div class=""><div class="tiled-gallery__gallery"><div class="tiled-gallery__row"><div class="tiled-gallery__col" style="flex-basis:42.58598%"><figure class="tiled-gallery__item"><img alt="" data-height="1253" data-id="14" data-link="https://krystynapuhachovaexamtask3.wordpress.com/?attachment_id=14" data-url="https://krystynapuhachovaexamtask3.wordpress.com/wp-content/uploads/2024/06/pexels-photo-417173.jpeg" data-width="1880" src="https://krystynapuhachovaexamtask3.wordpress.com/wp-content/uploads/2024/06/pexels-photo-417173.jpeg" /></figure><figure class="tiled-gallery__item"><img alt="" data-height="1253" data-id="15" data-link="https://krystynapuhachovaexamtask3.wordpress.com/?attachment_id=15" data-url="https://krystynapuhachovaexamtask3.wordpress.com/wp-content/uploads/2024/06/pexels-photo-691668.jpeg" data-width="1880" src="https://krystynapuhachovaexamtask3.wordpress.com/wp-content/uploads/2024/06/pexels-photo-691668.jpeg" /></figure><figure class="tiled-gallery__item"><img alt="" data-height="1253" data-id="16" data-link="https://krystynapuhachovaexamtask3.wordpress.com/?attachment_id=16" data-url="https://krystynapuhachovaexamtask3.wordpress.com/wp-content/uploads/2024/06/pexels-photo-1054218.jpeg" data-width="1880" src="https://krystynapuhachovaexamtask3.wordpress.com/wp-content/uploads/2024/06/pexels-photo-1054218.jpeg" /></figure></div><div class="tiled-gallery__col" style="flex-basis:57.41402%"><figure class="tiled-gallery__item"><img alt="" data-height="1300" data-id="17" data-link="https://krystynapuhachovaexamtask3.wordpress.com/?attachment_id=17" data-url="https://krystynapuhachovaexamtask3.wordpress.com/wp-content/uploads/2024/06/pexels-photo-1366919.jpeg" data-width="867" src="https://krystynapuhachovaexamtask3.wordpress.com/wp-content/uploads/2024/06/pexels-photo-1366919.jpeg" /></figure></div></div><div class="tiled-gallery__row"><div class="tiled-gallery__col" style="flex-basis:100.00000%"><figure class="tiled-gallery__item"><img alt="" data-height="1300" data-id="18" data-link="https://krystynapuhachovaexamtask3.wordpress.com/?attachment_id=18" data-url="https://krystynapuhachovaexamtask3.wordpress.com/wp-content/uploads/2024/06/pexels-photo-1670187.jpeg" data-width="867" src="https://krystynapuhachovaexamtask3.wordpress.com/wp-content/uploads/2024/06/pexels-photo-1670187.jpeg" /></figure></div></div></div></div></div>
<!-- /wp:jetpack/tiled-gallery -->

<!-- wp:jetpack/slideshow {"ids":[11,12],"sizeSlug":"large"} -->
<div class="wp-block-jetpack-slideshow aligncenter" data-effect="slide"><div class="wp-block-jetpack-slideshow_container swiper-container"><ul class="wp-block-jetpack-slideshow_swiper-wrapper swiper-wrapper"><li class="wp-block-jetpack-slideshow_slide swiper-slide"><figure><img alt="" class="wp-block-jetpack-slideshow_image wp-image-11" data-id="11" src="https://krystynapuhachovaexamtask3.wordpress.com/wp-content/uploads/2024/06/8371682954_6b070daa8c_b.jpg" /><figcaption class="wp-block-jetpack-slideshow_caption gallery-caption"><a href="https://www.flickr.com/photos/24662369@N07/8371682954" rel="nofollow">NASA Space Telescopes See Weather Patterns in Brown Dwarf</a> by <a href="https://www.flickr.com/photos/24662369@N07" rel="nofollow">NASA Goddard Photo and Video</a> is licensed under <a href="https://creativecommons.org/licenses/by/2.0/" rel="nofollow">CC-BY 2.0</a></figcaption></figure></li><li class="wp-block-jetpack-slideshow_slide swiper-slide"><figure><img alt="" class="wp-block-jetpack-slideshow_image wp-image-12" data-id="12" src="https://krystynapuhachovaexamtask3.wordpress.com/wp-content/uploads/2024/06/7163119469_73ce1bbe74_b.jpg" /><figcaption class="wp-block-jetpack-slideshow_caption gallery-caption"><a href="https://www.flickr.com/photos/24662369@N07/7163119469" rel="nofollow">Sea Ice Patterns</a> by <a href="https://www.flickr.com/photos/24662369@N07" rel="nofollow">NASA Goddard Photo and Video</a> is licensed under <a href="https://creativecommons.org/licenses/by/2.0/" rel="nofollow">CC-BY 2.0</a></figcaption></figure></li></ul><a class="wp-block-jetpack-slideshow_button-prev swiper-button-prev swiper-button-white" role="button"></a><a class="wp-block-jetpack-slideshow_button-next swiper-button-next swiper-button-white" role="button"></a><a aria-label="Pause Slideshow" class="wp-block-jetpack-slideshow_button-pause" role="button"></a><div class="wp-block-jetpack-slideshow_pagination swiper-pagination swiper-pagination-white"></div></div></div>
<!-- /wp:jetpack/slideshow -->

<!-- wp:paragraph -->
<p></p>
<!-- /wp:paragraph -->]]></content:encoded>
  <excerpt:encoded><![CDATA[]]></excerpt:encoded>
  <wp:post_id>5</wp:post_id>
  <wp:post_date>2024-06-03 15:58:21</wp:post_date>
  <wp:post_date_gmt>2024-06-03 13:58:21</wp:post_date_gmt>
  <wp:post_modified>2024-06-03 15:58:21</wp:post_modified>
  <wp:post_modified_gmt>2024-06-03 13:58:21</wp:post_modified_gmt>
  <wp:comment_status>open</wp:comment_status>
  <wp:ping_status>open</wp:ping_status>
  <wp:post_name>first-post</wp:post_name>
  <wp:status>publish</wp:status>
  <wp:post_parent>0</wp:post_parent>
  <wp:menu_order>0</wp:menu_order>
  <wp:post_type>post</wp:post_type>
  <wp:post_password/>
  <wp:is_sticky>0</wp:is_sticky>
  <category domain="category" nicename="%d0%b1%d0%b5%d0%b7-%d1%80%d1%83%d0%b1%d1%80%d0%b8%d0%ba%d0%b8"><![CDATA[Без рубрики]]></category>
  <wp:postmeta>
    <wp:meta_key>_last_editor_used_jetpack</wp:meta_key>
    <wp:meta_value><![CDATA[block-editor]]></wp:meta_value>
  </wp:postmeta>
  <wp:postmeta>
    <wp:meta_key>timeline_notification</wp:meta_key>
    <wp:meta_value><![CDATA[1717423102]]></wp:meta_value>
  </wp:postmeta>
  <wp:postmeta>
    <wp:meta_key>wpcom_is_first_post</wp:meta_key>
    <wp:meta_value><![CDATA[1]]></wp:meta_value>
  </wp:postmeta>
  <wp:postmeta>
    <wp:meta_key>_publicize_job_id</wp:meta_key>
    <wp:meta_value><![CDATA[95134625938]]></wp:meta_value>
  </wp:postmeta>
</item>
<item>
  <title><![CDATA[stained-glass-spiral-circle-pattern-161154.jpeg]]></title>
  <link>https://krystynapuhachovaexamtask3.wordpress.com/2024/06/03/first-post/stained-glass-spiral-circle-pattern-161154/</link>
  <pubDate>Mon, 03 Jun 2024 13:50:57 +0000</pubDate>
  <dc:creator>pugachevak01</dc:creator>
  <guid isPermaLink="false">http://krystynapuhachovaexamtask3.files.wordpress.com/2024/06/stained-glass-spiral-circle-pattern-161154.jpeg</guid>
  <description/>
  <content:encoded><![CDATA[]]></content:encoded>
  <excerpt:encoded><![CDATA[Photo by Pixabay on <a href="https://www.pexels.com/ru-ru/photo/161154/" rel="nofollow">Pexels.com</a>]]></excerpt:encoded>
  <wp:post_id>7</wp:post_id>
  <wp:post_date>2024-06-03 15:50:57</wp:post_date>
  <wp:post_date_gmt>2024-06-03 13:50:57</wp:post_date_gmt>
  <wp:post_modified>2024-06-03 15:50:58</wp:post_modified>
  <wp:post_modified_gmt>2024-06-03 13:50:58</wp:post_modified_gmt>
  <wp:comment_status>open</wp:comment_status>
  <wp:ping_status>closed</wp:ping_status>
  <wp:post_name>stained-glass-spiral-circle-pattern-161154</wp:post_name>
  <wp:status>inherit</wp:status>
  <wp:post_parent>5</wp:post_parent>
  <wp:menu_order>0</wp:menu_order>
  <wp:post_type>attachment</wp:post_type>
  <wp:post_password/>
  <wp:is_sticky>0</wp:is_sticky>
  <wp:attachment_url>https://krystynapuhachovaexamtask3.wordpress.com/wp-content/uploads/2024/06/stained-glass-spiral-circle-pattern-161154.jpeg</wp:attachment_url>
  <wp:postmeta>
    <wp:meta_key>_wp_attached_file</wp:meta_key>
    <wp:meta_value><![CDATA[/home/wpcom/public_html/wp-content/blogs.dir/46c/233785977/files/2024/06/stained-glass-spiral-circle-pattern-161154.jpeg]]></wp:meta_value>
  </wp:postmeta>
  <wp:postmeta>
    <wp:meta_key>_wp_attachment_metadata</wp:meta_key>
    <wp:meta_value><![CDATA[a:6:{s:5:"width";i:1880;s:6:"height";i:1250;s:4:"file";s:120:"/home/wpcom/public_html/wp-content/blogs.dir/46c/233785977/files/2024/06/stained-glass-spiral-circle-pattern-161154.jpeg";s:8:"filesize";i:217647;s:5:"sizes";a:0:{}s:10:"image_meta";a:12:{s:8:"aperture";s:1:"0";s:6:"credit";s:0:"";s:6:"camera";s:0:"";s:7:"caption";s:0:"";s:17:"created_timestamp";s:1:"0";s:9:"copyright";s:0:"";s:12:"focal_length";s:1:"0";s:3:"iso";s:1:"0";s:13:"shutter_speed";s:1:"0";s:5:"title";s:0:"";s:11:"orientation";s:1:"0";s:8:"keywords";a:0:{}}}]]></wp:meta_value>
  </wp:postmeta>
</item>
<item>
  <title><![CDATA[pexels-photo-2911521.jpeg]]></title>
  <link>https://krystynapuhachovaexamtask3.wordpress.com/2024/06/03/first-post/pexels-photo-2911521/</link>
  <pubDate>Mon, 03 Jun 2024 13:50:57 +0000</pubDate>
  <dc:creator>pugachevak01</dc:creator>
  <guid isPermaLink="false">http://krystynapuhachovaexamtask3.files.wordpress.com/2024/06/pexels-photo-2911521.jpeg</guid>
  <description/>
  <content:encoded><![CDATA[]]></content:encoded>
  <excerpt:encoded><![CDATA[Photo by Dids . on <a href="https://www.pexels.com/ru-ru/photo/2911521/" rel="nofollow">Pexels.com</a>]]></excerpt:encoded>
  <wp:post_id>8</wp:post_id>
  <wp:post_date>2024-06-03 15:50:57</wp:post_date>
  <wp:post_date_gmt>2024-06-03 13:50:57</wp:post_date_gmt>
  <wp:post_modified>2024-06-03 15:50:58</wp:post_modified>
  <wp:post_modified_gmt>2024-06-03 13:50:58</wp:post_modified_gmt>
  <wp:comment_status>open</wp:comment_status>
  <wp:ping_status>closed</wp:ping_status>
  <wp:post_name>pexels-photo-2911521</wp:post_name>
  <wp:status>inherit</wp:status>
  <wp:post_parent>5</wp:post_parent>
  <wp:menu_order>0</wp:menu_order>
  <wp:post_type>attachment</wp:post_type>
  <wp:post_password/>
  <wp:is_sticky>0</wp:is_sticky>
  <wp:attachment_url>https://krystynapuhachovaexamtask3.wordpress.com/wp-content/uploads/2024/06/pexels-photo-2911521.jpeg</wp:attachment_url>
  <wp:postmeta>
    <wp:meta_key>_wp_attached_file</wp:meta_key>
    <wp:meta_value><![CDATA[/home/wpcom/public_html/wp-content/blogs.dir/46c/233785977/files/2024/06/pexels-photo-2911521.jpeg]]></wp:meta_value>
  </wp:postmeta>
  <wp:postmeta>
    <wp:meta_key>_wp_attachment_metadata</wp:meta_key>
    <wp:meta_value><![CDATA[a:6:{s:5:"width";i:975;s:6:"height";i:1300;s:4:"file";s:98:"/home/wpcom/public_html/wp-content/blogs.dir/46c/233785977/files/2024/06/pexels-photo-2911521.jpeg";s:8:"filesize";i:236355;s:5:"sizes";a:0:{}s:10:"image_meta";a:12:{s:8:"aperture";s:1:"0";s:6:"credit";s:0:"";s:6:"camera";s:0:"";s:7:"caption";s:0:"";s:17:"created_timestamp";s:1:"0";s:9:"copyright";s:0:"";s:12:"focal_length";s:1:"0";s:3:"iso";s:1:"0";s:13:"shutter_speed";s:1:"0";s:5:"title";s:0:"";s:11:"orientation";s:1:"0";s:8:"keywords";a:0:{}}}]]></wp:meta_value>
  </wp:postmeta>
</item>
<item>
  <title><![CDATA[pexels-photo-1566909.jpeg]]></title>
  <link>https://krystynapuhachovaexamtask3.wordpress.com/2024/06/03/first-post/pexels-photo-1566909/</link>
  <pubDate>Mon, 03 Jun 2024 13:50:58 +0000</pubDate>
  <dc:creator>pugachevak01</dc:creator>
  <guid isPermaLink="false">http://krystynapuhachovaexamtask3.files.wordpress.com/2024/06/pexels-photo-1566909.jpeg</guid>
  <description/>
  <content:encoded><![CDATA[]]></content:encoded>
  <excerpt:encoded><![CDATA[Photo by Alexander Grey on <a href="https://www.pexels.com/ru-ru/photo/1566909/" rel="nofollow">Pexels.com</a>]]></excerpt:encoded>
  <wp:post_id>9</wp:post_id>
  <wp:post_date>2024-06-03 15:50:58</wp:post_date>
  <wp:post_date_gmt>2024-06-03 13:50:58</wp:post_date_gmt>
  <wp:post_modified>2024-06-03 15:50:58</wp:post_modified>
  <wp:post_modified_gmt>2024-06-03 13:50:58</wp:post_modified_gmt>
  <wp:comment_status>open</wp:comment_status>
  <wp:ping_status>closed</wp:ping_status>
  <wp:post_name>pexels-photo-1566909</wp:post_name>
  <wp:status>inherit</wp:status>
  <wp:post_parent>5</wp:post_parent>
  <wp:menu_order>0</wp:menu_order>
  <wp:post_type>attachment</wp:post_type>
  <wp:post_password/>
  <wp:is_sticky>0</wp:is_sticky>
  <wp:attachment_url>https://krystynapuhachovaexamtask3.wordpress.com/wp-content/uploads/2024/06/pexels-photo-1566909.jpeg</wp:attachment_url>
  <wp:postmeta>
    <wp:meta_key>_wp_attached_file</wp:meta_key>
    <wp:meta_value><![CDATA[/home/wpcom/public_html/wp-content/blogs.dir/46c/233785977/files/2024/06/pexels-photo-1566909.jpeg]]></wp:meta_value>
  </wp:postmeta>
  <wp:postmeta>
    <wp:meta_key>_wp_attachment_metadata</wp:meta_key>
    <wp:meta_value><![CDATA[a:6:{s:5:"width";i:1880;s:6:"height";i:1253;s:4:"file";s:98:"/home/wpcom/public_html/wp-content/blogs.dir/46c/233785977/files/2024/06/pexels-photo-1566909.jpeg";s:8:"filesize";i:347917;s:5:"sizes";a:0:{}s:10:"image_meta";a:12:{s:8:"aperture";s:1:"0";s:6:"credit";s:0:"";s:6:"camera";s:0:"";s:7:"caption";s:0:"";s:17:"created_timestamp";s:1:"0";s:9:"copyright";s:0:"";s:12:"focal_length";s:1:"0";s:3:"iso";s:1:"0";s:13:"shutter_speed";s:1:"0";s:5:"title";s:0:"";s:11:"orientation";s:1:"0";s:8:"keywords";a:0:{}}}]]></wp:meta_value>
  </wp:postmeta>
</item>
<item>
  <title><![CDATA[NASA Space Telescopes See Weather Patterns in Brown Dwarf]]></title>
  <link>https://krystynapuhachovaexamtask3.wordpress.com/2024/06/03/first-post/8371682954_6b070daa8c_b/</link>
  <pubDate>Mon, 03 Jun 2024 13:52:59 +0000</pubDate>
  <dc:creator>pugachevak01</dc:creator>
  <guid isPermaLink="false">http://krystynapuhachovaexamtask3.files.wordpress.com/2024/06/8371682954_6b070daa8c_b.jpg</guid>
  <description/>
  <content:encoded><![CDATA[]]></content:encoded>
  <excerpt:encoded><![CDATA[<a href="https://www.flickr.com/photos/24662369@N07/8371682954" rel="nofollow">NASA Space Telescopes See Weather Patterns in Brown Dwarf</a> by <a href="https://www.flickr.com/photos/24662369@N07" rel="nofollow">NASA Goddard Photo and Video</a> is licensed under <a href="https://creativecommons.org/licenses/by/2.0/" rel="nofollow">CC-BY 2.0</a>]]></excerpt:encoded>
  <wp:post_id>11</wp:post_id>
  <wp:post_date>2024-06-03 15:52:59</wp:post_date>
  <wp:post_date_gmt>2024-06-03 13:52:59</wp:post_date_gmt>
  <wp:post_modified>2024-06-03 15:53:00</wp:post_modified>
  <wp:post_modified_gmt>2024-06-03 13:53:00</wp:post_modified_gmt>
  <wp:comment_status>open</wp:comment_status>
  <wp:ping_status>closed</wp:ping_status>
  <wp:post_name>8371682954_6b070daa8c_b</wp:post_name>
  <wp:status>inherit</wp:status>
  <wp:post_parent>5</wp:post_parent>
  <wp:menu_order>0</wp:menu_order>
  <wp:post_type>attachment</wp:post_type>
  <wp:post_password/>
  <wp:is_sticky>0</wp:is_sticky>
  <wp:attachment_url>https://krystynapuhachovaexamtask3.wordpress.com/wp-content/uploads/2024/06/8371682954_6b070daa8c_b.jpg</wp:attachment_url>
  <wp:postmeta>
    <wp:meta_key>_wp_attached_file</wp:meta_key>
    <wp:meta_value><![CDATA[/home/wpcom/public_html/wp-content/blogs.dir/46c/233785977/files/2024/06/8371682954_6b070daa8c_b.jpg]]></wp:meta_value>
  </wp:postmeta>
  <wp:postmeta>
    <wp:meta_key>_wp_attachment_metadata</wp:meta_key>
    <wp:meta_value><![CDATA[a:6:{s:5:"width";i:1024;s:6:"height";i:576;s:4:"file";s:100:"/home/wpcom/public_html/wp-content/blogs.dir/46c/233785977/files/2024/06/8371682954_6b070daa8c_b.jpg";s:8:"filesize";i:155498;s:5:"sizes";a:0:{}s:10:"image_meta";a:12:{s:8:"aperture";s:1:"0";s:6:"credit";s:0:"";s:6:"camera";s:0:"";s:7:"caption";s:0:"";s:17:"created_timestamp";s:1:"0";s:9:"copyright";s:0:"";s:12:"focal_length";s:1:"0";s:3:"iso";s:1:"0";s:13:"shutter_speed";s:1:"0";s:5:"title";s:0:"";s:11:"orientation";s:1:"0";s:8:"keywords";a:0:{}}}]]></wp:meta_value>
  </wp:postmeta>
</item>
<item>
  <title><![CDATA[Sea Ice Patterns]]></title>
  <link>https://krystynapuhachovaexamtask3.wordpress.com/2024/06/03/first-post/7163119469_73ce1bbe74_b/</link>
  <pubDate>Mon, 03 Jun 2024 13:53:00 +0000</pubDate>
  <dc:creator>pugachevak01</dc:creator>
  <guid isPermaLink="false">http://krystynapuhachovaexamtask3.files.wordpress.com/2024/06/7163119469_73ce1bbe74_b.jpg</guid>
  <description/>
  <content:encoded><![CDATA[]]></content:encoded>
  <excerpt:encoded><![CDATA[<a href="https://www.flickr.com/photos/24662369@N07/7163119469" rel="nofollow">Sea Ice Patterns</a> by <a href="https://www.flickr.com/photos/24662369@N07" rel="nofollow">NASA Goddard Photo and Video</a> is licensed under <a href="https://creativecommons.org/licenses/by/2.0/" rel="nofollow">CC-BY 2.0</a>]]></excerpt:encoded>
  <wp:post_id>12</wp:post_id>
  <wp:post_date>2024-06-03 15:53:00</wp:post_date>
  <wp:post_date_gmt>2024-06-03 13:53:00</wp:post_date_gmt>
  <wp:post_modified>2024-06-03 15:53:00</wp:post_modified>
  <wp:post_modified_gmt>2024-06-03 13:53:00</wp:post_modified_gmt>
  <wp:comment_status>open</wp:comment_status>
  <wp:ping_status>closed</wp:ping_status>
  <wp:post_name>7163119469_73ce1bbe74_b</wp:post_name>
  <wp:status>inherit</wp:status>
  <wp:post_parent>5</wp:post_parent>
  <wp:menu_order>0</wp:menu_order>
  <wp:post_type>attachment</wp:post_type>
  <wp:post_password/>
  <wp:is_sticky>0</wp:is_sticky>
  <wp:attachment_url>https://krystynapuhachovaexamtask3.wordpress.com/wp-content/uploads/2024/06/7163119469_73ce1bbe74_b.jpg</wp:attachment_url>
  <wp:postmeta>
    <wp:meta_key>_wp_attached_file</wp:meta_key>
    <wp:meta_value><![CDATA[/home/wpcom/public_html/wp-content/blogs.dir/46c/233785977/files/2024/06/7163119469_73ce1bbe74_b.jpg]]></wp:meta_value>
  </wp:postmeta>
  <wp:postmeta>
    <wp:meta_key>_wp_attachment_metadata</wp:meta_key>
    <wp:meta_value><![CDATA[a:6:{s:5:"width";i:1024;s:6:"height";i:683;s:4:"file";s:100:"/home/wpcom/public_html/wp-content/blogs.dir/46c/233785977/files/2024/06/7163119469_73ce1bbe74_b.jpg";s:8:"filesize";i:171702;s:5:"sizes";a:0:{}s:10:"image_meta";a:12:{s:8:"aperture";s:1:"0";s:6:"credit";s:0:"";s:6:"camera";s:0:"";s:7:"caption";s:0:"";s:17:"created_timestamp";s:1:"0";s:9:"copyright";s:0:"";s:12:"focal_length";s:1:"0";s:3:"iso";s:1:"0";s:13:"shutter_speed";s:1:"0";s:5:"title";s:0:"";s:11:"orientation";s:1:"0";s:8:"keywords";a:0:{}}}]]></wp:meta_value>
  </wp:postmeta>
</item>
<item>
  <title><![CDATA[pexels-photo-417173.jpeg]]></title>
  <link>https://krystynapuhachovaexamtask3.wordpress.com/2024/06/03/first-post/pexels-photo-417173/</link>
  <pubDate>Mon, 03 Jun 2024 13:53:49 +0000</pubDate>
  <dc:creator>pugachevak01</dc:creator>
  <guid isPermaLink="false">http://krystynapuhachovaexamtask3.files.wordpress.com/2024/06/pexels-photo-417173.jpeg</guid>
  <description/>
  <content:encoded><![CDATA[]]></content:encoded>
  <excerpt:encoded><![CDATA[Photo by Pixabay on <a href="https://www.pexels.com/ru-ru/photo/417173/" rel="nofollow">Pexels.com</a>]]></excerpt:encoded>
  <wp:post_id>14</wp:post_id>
  <wp:post_date>2024-06-03 15:53:49</wp:post_date>
  <wp:post_date_gmt>2024-06-03 13:53:49</wp:post_date_gmt>
  <wp:post_modified>2024-06-03 15:53:50</wp:post_modified>
  <wp:post_modified_gmt>2024-06-03 13:53:50</wp:post_modified_gmt>
  <wp:comment_status>open</wp:comment_status>
  <wp:ping_status>closed</wp:ping_status>
  <wp:post_name>pexels-photo-417173</wp:post_name>
  <wp:status>inherit</wp:status>
  <wp:post_parent>5</wp:post_parent>
  <wp:menu_order>0</wp:menu_order>
  <wp:post_type>attachment</wp:post_type>
  <wp:post_password/>
  <wp:is_sticky>0</wp:is_sticky>
  <wp:attachment_url>https://krystynapuhachovaexamtask3.wordpress.com/wp-content/uploads/2024/06/pexels-photo-417173.jpeg</wp:attachment_url>
  <wp:postmeta>
    <wp:meta_key>_wp_attached_file</wp:meta_key>
    <wp:meta_value><![CDATA[/home/wpcom/public_html/wp-content/blogs.dir/46c/233785977/files/2024/06/pexels-photo-417173.jpeg]]></wp:meta_value>
  </wp:postmeta>
  <wp:postmeta>
    <wp:meta_key>_wp_attachment_metadata</wp:meta_key>
    <wp:meta_value><![CDATA[a:6:{s:5:"width";i:1880;s:6:"height";i:1253;s:4:"file";s:97:"/home/wpcom/public_html/wp-content/blogs.dir/46c/233785977/files/2024/06/pexels-photo-417173.jpeg";s:8:"filesize";i:221652;s:5:"sizes";a:0:{}s:10:"image_meta";a:12:{s:8:"aperture";s:1:"0";s:6:"credit";s:0:"";s:6:"camera";s:0:"";s:7:"caption";s:0:"";s:17:"created_timestamp";s:1:"0";s:9:"copyright";s:0:"";s:12:"focal_length";s:1:"0";s:3:"iso";s:1:"0";s:13:"shutter_speed";s:1:"0";s:5:"title";s:0:"";s:11:"orientation";s:1:"0";s:8:"keywords";a:0:{}}}]]></wp:meta_value>
  </wp:postmeta>
</item>
<item>
  <title><![CDATA[pexels-photo-691668.jpeg]]></title>
  <link>https://krystynapuhachovaexamtask3.wordpress.com/2024/06/03/first-post/pexels-photo-691668/</link>
  <pubDate>Mon, 03 Jun 2024 13:53:50 +0000</pubDate>
  <dc:creator>pugachevak01</dc:creator>
  <guid isPermaLink="false">http://krystynapuhachovaexamtask3.files.wordpress.com/2024/06/pexels-photo-691668.jpeg</guid>
  <description/>
  <content:encoded><![CDATA[]]></content:encoded>
  <excerpt:encoded><![CDATA[Photo by eberhard grossgasteiger on <a href="https://www.pexels.com/ru-ru/photo/691668/" rel="nofollow">Pexels.com</a>]]></excerpt:encoded>
  <wp:post_id>15</wp:post_id>
  <wp:post_date>2024-06-03 15:53:50</wp:post_date>
  <wp:post_date_gmt>2024-06-03 13:53:50</wp:post_date_gmt>
  <wp:post_modified>2024-06-03 15:53:50</wp:post_modified>
  <wp:post_modified_gmt>2024-06-03 13:53:50</wp:post_modified_gmt>
  <wp:comment_status>open</wp:comment_status>
  <wp:ping_status>closed</wp:ping_status>
  <wp:post_name>pexels-photo-691668</wp:post_name>
  <wp:status>inherit</wp:status>
  <wp:post_parent>5</wp:post_parent>
  <wp:menu_order>0</wp:menu_order>
  <wp:post_type>attachment</wp:post_type>
  <wp:post_password/>
  <wp:is_sticky>0</wp:is_sticky>
  <wp:attachment_url>https://krystynapuhachovaexamtask3.wordpress.com/wp-content/uploads/2024/06/pexels-photo-691668.jpeg</wp:attachment_url>
  <wp:postmeta>
    <wp:meta_key>_wp_attached_file</wp:meta_key>
    <wp:meta_value><![CDATA[/home/wpcom/public_html/wp-content/blogs.dir/46c/233785977/files/2024/06/pexels-photo-691668.jpeg]]></wp:meta_value>
  </wp:postmeta>
  <wp:postmeta>
    <wp:meta_key>_wp_attachment_metadata</wp:meta_key>
    <wp:meta_value><![CDATA[a:6:{s:5:"width";i:1880;s:6:"height";i:1253;s:4:"file";s:97:"/home/wpcom/public_html/wp-content/blogs.dir/46c/233785977/files/2024/06/pexels-photo-691668.jpeg";s:8:"filesize";i:158403;s:5:"sizes";a:0:{}s:10:"image_meta";a:12:{s:8:"aperture";s:1:"0";s:6:"credit";s:0:"";s:6:"camera";s:0:"";s:7:"caption";s:0:"";s:17:"created_timestamp";s:1:"0";s:9:"copyright";s:0:"";s:12:"focal_length";s:1:"0";s:3:"iso";s:1:"0";s:13:"shutter_speed";s:1:"0";s:5:"title";s:0:"";s:11:"orientation";s:1:"0";s:8:"keywords";a:0:{}}}]]></wp:meta_value>
  </wp:postmeta>
</item>
<item>
  <title><![CDATA[pexels-photo-1054218.jpeg]]></title>
  <link>https://krystynapuhachovaexamtask3.wordpress.com/2024/06/03/first-post/pexels-photo-1054218/</link>
  <pubDate>Mon, 03 Jun 2024 13:53:50 +0000</pubDate>
  <dc:creator>pugachevak01</dc:creator>
  <guid isPermaLink="false">http://krystynapuhachovaexamtask3.files.wordpress.com/2024/06/pexels-photo-1054218.jpeg</guid>
  <description/>
  <content:encoded><![CDATA[]]></content:encoded>
  <excerpt:encoded><![CDATA[Photo by Stephan Seeber on <a href="https://www.pexels.com/ru-ru/photo/1054218/" rel="nofollow">Pexels.com</a>]]></excerpt:encoded>
  <wp:post_id>16</wp:post_id>
  <wp:post_date>2024-06-03 15:53:50</wp:post_date>
  <wp:post_date_gmt>2024-06-03 13:53:50</wp:post_date_gmt>
  <wp:post_modified>2024-06-03 15:53:50</wp:post_modified>
  <wp:post_modified_gmt>2024-06-03 13:53:50</wp:post_modified_gmt>
  <wp:comment_status>open</wp:comment_status>
  <wp:ping_status>closed</wp:ping_status>
  <wp:post_name>pexels-photo-1054218</wp:post_name>
  <wp:status>inherit</wp:status>
  <wp:post_parent>5</wp:post_parent>
  <wp:menu_order>0</wp:menu_order>
  <wp:post_type>attachment</wp:post_type>
  <wp:post_password/>
  <wp:is_sticky>0</wp:is_sticky>
  <wp:attachment_url>https://krystynapuhachovaexamtask3.wordpress.com/wp-content/uploads/2024/06/pexels-photo-1054218.jpeg</wp:attachment_url>
  <wp:postmeta>
    <wp:meta_key>_wp_attached_file</wp:meta_key>
    <wp:meta_value><![CDATA[/home/wpcom/public_html/wp-content/blogs.dir/46c/233785977/files/2024/06/pexels-photo-1054218.jpeg]]></wp:meta_value>
  </wp:postmeta>
  <wp:postmeta>
    <wp:meta_key>_wp_attachment_metadata</wp:meta_key>
    <wp:meta_value><![CDATA[a:6:{s:5:"width";i:1880;s:6:"height";i:1253;s:4:"file";s:98:"/home/wpcom/public_html/wp-content/blogs.dir/46c/233785977/files/2024/06/pexels-photo-1054218.jpeg";s:8:"filesize";i:91493;s:5:"sizes";a:0:{}s:10:"image_meta";a:12:{s:8:"aperture";s:1:"0";s:6:"credit";s:0:"";s:6:"camera";s:0:"";s:7:"caption";s:0:"";s:17:"created_timestamp";s:1:"0";s:9:"copyright";s:0:"";s:12:"focal_length";s:1:"0";s:3:"iso";s:1:"0";s:13:"shutter_speed";s:1:"0";s:5:"title";s:0:"";s:11:"orientation";s:1:"0";s:8:"keywords";a:0:{}}}]]></wp:meta_value>
  </wp:postmeta>
</item>
<item>
  <title><![CDATA[pexels-photo-1366919.jpeg]]></title>
  <link>https://krystynapuhachovaexamtask3.wordpress.com/2024/06/03/first-post/pexels-photo-1366919/</link>
  <pubDate>Mon, 03 Jun 2024 13:53:50 +0000</pubDate>
  <dc:creator>pugachevak01</dc:creator>
  <guid isPermaLink="false">http://krystynapuhachovaexamtask3.files.wordpress.com/2024/06/pexels-photo-1366919.jpeg</guid>
  <description/>
  <content:encoded><![CDATA[]]></content:encoded>
  <excerpt:encoded><![CDATA[Photo by eberhard grossgasteiger on <a href="https://www.pexels.com/ru-ru/photo/1366919/" rel="nofollow">Pexels.com</a>]]></excerpt:encoded>
  <wp:post_id>17</wp:post_id>
  <wp:post_date>2024-06-03 15:53:50</wp:post_date>
  <wp:post_date_gmt>2024-06-03 13:53:50</wp:post_date_gmt>
  <wp:post_modified>2024-06-03 15:53:50</wp:post_modified>
  <wp:post_modified_gmt>2024-06-03 13:53:50</wp:post_modified_gmt>
  <wp:comment_status>open</wp:comment_status>
  <wp:ping_status>closed</wp:ping_status>
  <wp:post_name>pexels-photo-1366919</wp:post_name>
  <wp:status>inherit</wp:status>
  <wp:post_parent>5</wp:post_parent>
  <wp:menu_order>0</wp:menu_order>
  <wp:post_type>attachment</wp:post_type>
  <wp:post_password/>
  <wp:is_sticky>0</wp:is_sticky>
  <wp:attachment_url>https://krystynapuhachovaexamtask3.wordpress.com/wp-content/uploads/2024/06/pexels-photo-1366919.jpeg</wp:attachment_url>
  <wp:postmeta>
    <wp:meta_key>_wp_attached_file</wp:meta_key>
    <wp:meta_value><![CDATA[/home/wpcom/public_html/wp-content/blogs.dir/46c/233785977/files/2024/06/pexels-photo-1366919.jpeg]]></wp:meta_value>
  </wp:postmeta>
  <wp:postmeta>
    <wp:meta_key>_wp_attachment_metadata</wp:meta_key>
    <wp:meta_value><![CDATA[a:6:{s:5:"width";i:867;s:6:"height";i:1300;s:4:"file";s:98:"/home/wpcom/public_html/wp-content/blogs.dir/46c/233785977/files/2024/06/pexels-photo-1366919.jpeg";s:8:"filesize";i:197434;s:5:"sizes";a:0:{}s:10:"image_meta";a:12:{s:8:"aperture";s:1:"0";s:6:"credit";s:0:"";s:6:"camera";s:0:"";s:7:"caption";s:0:"";s:17:"created_timestamp";s:1:"0";s:9:"copyright";s:0:"";s:12:"focal_length";s:1:"0";s:3:"iso";s:1:"0";s:13:"shutter_speed";s:1:"0";s:5:"title";s:0:"";s:11:"orientation";s:1:"0";s:8:"keywords";a:0:{}}}]]></wp:meta_value>
  </wp:postmeta>
</item>
<item>
  <title><![CDATA[pexels-photo-1670187.jpeg]]></title>
  <link>https://krystynapuhachovaexamtask3.wordpress.com/2024/06/03/first-post/pexels-photo-1670187/</link>
  <pubDate>Mon, 03 Jun 2024 13:53:50 +0000</pubDate>
  <dc:creator>pugachevak01</dc:creator>
  <guid isPermaLink="false">http://krystynapuhachovaexamtask3.files.wordpress.com/2024/06/pexels-photo-1670187.jpeg</guid>
  <description/>
  <content:encoded><![CDATA[]]></content:encoded>
  <excerpt:encoded><![CDATA[Photo by eberhard grossgasteiger on <a href="https://www.pexels.com/ru-ru/photo/1670187/" rel="nofollow">Pexels.com</a>]]></excerpt:encoded>
  <wp:post_id>18</wp:post_id>
  <wp:post_date>2024-06-03 15:53:50</wp:post_date>
  <wp:post_date_gmt>2024-06-03 13:53:50</wp:post_date_gmt>
  <wp:post_modified>2024-06-03 15:53:50</wp:post_modified>
  <wp:post_modified_gmt>2024-06-03 13:53:50</wp:post_modified_gmt>
  <wp:comment_status>open</wp:comment_status>
  <wp:ping_status>closed</wp:ping_status>
  <wp:post_name>pexels-photo-1670187</wp:post_name>
  <wp:status>inherit</wp:status>
  <wp:post_parent>5</wp:post_parent>
  <wp:menu_order>0</wp:menu_order>
  <wp:post_type>attachment</wp:post_type>
  <wp:post_password/>
  <wp:is_sticky>0</wp:is_sticky>
  <wp:attachment_url>https://krystynapuhachovaexamtask3.wordpress.com/wp-content/uploads/2024/06/pexels-photo-1670187.jpeg</wp:attachment_url>
  <wp:postmeta>
    <wp:meta_key>_wp_attached_file</wp:meta_key>
    <wp:meta_value><![CDATA[/home/wpcom/public_html/wp-content/blogs.dir/46c/233785977/files/2024/06/pexels-photo-1670187.jpeg]]></wp:meta_value>
  </wp:postmeta>
  <wp:postmeta>
    <wp:meta_key>_wp_attachment_metadata</wp:meta_key>
    <wp:meta_value><![CDATA[a:6:{s:5:"width";i:867;s:6:"height";i:1300;s:4:"file";s:98:"/home/wpcom/public_html/wp-content/blogs.dir/46c/233785977/files/2024/06/pexels-photo-1670187.jpeg";s:8:"filesize";i:157838;s:5:"sizes";a:0:{}s:10:"image_meta";a:12:{s:8:"aperture";s:1:"0";s:6:"credit";s:0:"";s:6:"camera";s:0:"";s:7:"caption";s:0:"";s:17:"created_timestamp";s:1:"0";s:9:"copyright";s:0:"";s:12:"focal_length";s:1:"0";s:3:"iso";s:1:"0";s:13:"shutter_speed";s:1:"0";s:5:"title";s:0:"";s:11:"orientation";s:1:"0";s:8:"keywords";a:0:{}}}]]></wp:meta_value>
  </wp:postmeta>
</item>
<item>
  <title><![CDATA[macbook pro]]></title>
  <link>https://krystynapuhachovaexamtask3.wordpress.com/2024/06/03/first-post/pexels-photo-1051075/</link>
  <pubDate>Mon, 03 Jun 2024 13:56:18 +0000</pubDate>
  <dc:creator>pugachevak01</dc:creator>
  <guid isPermaLink="false">http://krystynapuhachovaexamtask3.files.wordpress.com/2024/06/pexels-photo-1051075.jpeg</guid>
  <description/>
  <content:encoded><![CDATA[]]></content:encoded>
  <excerpt:encoded><![CDATA[Photo by Element5 Digital on <a href="https://www.pexels.com/ru-ru/photo/macbook-pro-1051075/" rel="nofollow">Pexels.com</a>]]></excerpt:encoded>
  <wp:post_id>21</wp:post_id>
  <wp:post_date>2024-06-03 15:56:18</wp:post_date>
  <wp:post_date_gmt>2024-06-03 13:56:18</wp:post_date_gmt>
  <wp:post_modified>2024-06-03 15:56:18</wp:post_modified>
  <wp:post_modified_gmt>2024-06-03 13:56:18</wp:post_modified_gmt>
  <wp:comment_status>open</wp:comment_status>
  <wp:ping_status>closed</wp:ping_status>
  <wp:post_name>pexels-photo-1051075</wp:post_name>
  <wp:status>inherit</wp:status>
  <wp:post_parent>5</wp:post_parent>
  <wp:menu_order>0</wp:menu_order>
  <wp:post_type>attachment</wp:post_type>
  <wp:post_password/>
  <wp:is_sticky>0</wp:is_sticky>
  <wp:attachment_url>https://krystynapuhachovaexamtask3.wordpress.com/wp-content/uploads/2024/06/pexels-photo-1051075.jpeg</wp:attachment_url>
  <wp:postmeta>
    <wp:meta_key>_wp_attached_file</wp:meta_key>
    <wp:meta_value><![CDATA[/home/wpcom/public_html/wp-content/blogs.dir/46c/233785977/files/2024/06/pexels-photo-1051075.jpeg]]></wp:meta_value>
  </wp:postmeta>
  <wp:postmeta>
    <wp:meta_key>_wp_attachment_metadata</wp:meta_key>
    <wp:meta_value><![CDATA[a:6:{s:5:"width";i:1264;s:6:"height";i:1300;s:4:"file";s:98:"/home/wpcom/public_html/wp-content/blogs.dir/46c/233785977/files/2024/06/pexels-photo-1051075.jpeg";s:8:"filesize";i:213954;s:5:"sizes";a:0:{}s:10:"image_meta";a:12:{s:8:"aperture";s:1:"0";s:6:"credit";s:0:"";s:6:"camera";s:0:"";s:7:"caption";s:0:"";s:17:"created_timestamp";s:1:"0";s:9:"copyright";s:0:"";s:12:"focal_length";s:1:"0";s:3:"iso";s:1:"0";s:13:"shutter_speed";s:1:"0";s:5:"title";s:0:"";s:11:"orientation";s:1:"0";s:8:"keywords";a:0:{}}}]]></wp:meta_value>
  </wp:postmeta>
</item>
<item>
  <title><![CDATA[Contact]]></title>
  <link>https://krystynapuhachovaexamtask3.wordpress.com/contact/</link>
  <pubDate>Mon, 03 Jun 2024 14:22:21 +0000</pubDate>
  <dc:creator>pugachevak01</dc:creator>
  <guid isPermaLink="false">https://krystynapuhachovaexamtask3.wordpress.com/?page_id=25</guid>
  <description/>
  <content:encoded><![CDATA[<!-- wp:list -->
<ul class="wp-block-list"><!-- wp:list-item -->
<li>Mobile number</li>
<!-- /wp:list-item -->

<!-- wp:list-item -->
<li>Email</li>
<!-- /wp:list-item -->

<!-- wp:list-item -->
<li>Address</li>
<!-- /wp:list-item --></ul>
<!-- /wp:list -->]]></content:encoded>
  <excerpt:encoded><![CDATA[]]></excerpt:encoded>
  <wp:post_id>25</wp:post_id>
  <wp:post_date>2024-06-03 16:22:21</wp:post_date>
  <wp:post_date_gmt>2024-06-03 14:22:21</wp:post_date_gmt>
  <wp:post_modified>2024-06-03 16:22:50</wp:post_modified>
  <wp:post_modified_gmt>2024-06-03 14:22:50</wp:post_modified_gmt>
  <wp:comment_status>closed</wp:comment_status>
  <wp:ping_status>closed</wp:ping_status>
  <wp:post_name>contact</wp:post_name>
  <wp:status>publish</wp:status>
  <wp:post_parent>0</wp:post_parent>
  <wp:menu_order>0</wp:menu_order>
  <wp:post_type>page</wp:post_type>
  <wp:post_password/>
  <wp:is_sticky>0</wp:is_sticky>
  <wp:postmeta>
    <wp:meta_key>_publicize_pending</wp:meta_key>
    <wp:meta_value><![CDATA[1]]></wp:meta_value>
  </wp:postmeta>
  <wp:postmeta>
    <wp:meta_key>firehose_sent</wp:meta_key>
    <wp:meta_value><![CDATA[1717424541]]></wp:meta_value>
  </wp:postmeta>
</item>
<item>
  <title><![CDATA[pexels-photo-326576.jpeg]]></title>
  <link>https://krystynapuhachovaexamtask3.wordpress.com/pexels-photo-326576/</link>
  <pubDate>Mon, 03 Jun 2024 14:10:20 +0000</pubDate>
  <dc:creator>pugachevak01</dc:creator>
  <guid isPermaLink="false">http://krystynapuhachovaexamtask3.files.wordpress.com/2024/06/pexels-photo-326576.jpeg</guid>
  <description/>
  <content:encoded><![CDATA[]]></content:encoded>
  <excerpt:encoded><![CDATA[Photo by Pixabay on <a href="https://www.pexels.com/ru-ru/photo/326576/" rel="nofollow">Pexels.com</a>]]></excerpt:encoded>
  <wp:post_id>27</wp:post_id>
  <wp:post_date>2024-06-03 16:10:20</wp:post_date>
  <wp:post_date_gmt>2024-06-03 14:10:20</wp:post_date_gmt>
  <wp:post_modified>2024-06-03 16:10:20</wp:post_modified>
  <wp:post_modified_gmt>2024-06-03 14:10:20</wp:post_modified_gmt>
  <wp:comment_status>open</wp:comment_status>
  <wp:ping_status>closed</wp:ping_status>
  <wp:post_name>pexels-photo-326576</wp:post_name>
  <wp:status>inherit</wp:status>
  <wp:post_parent>0</wp:post_parent>
  <wp:menu_order>0</wp:menu_order>
  <wp:post_type>attachment</wp:post_type>
  <wp:post_password/>
  <wp:is_sticky>0</wp:is_sticky>
  <wp:attachment_url>https://krystynapuhachovaexamtask3.wordpress.com/wp-content/uploads/2024/06/pexels-photo-326576.jpeg</wp:attachment_url>
  <wp:postmeta>
    <wp:meta_key>_wp_attached_file</wp:meta_key>
    <wp:meta_value><![CDATA[/home/wpcom/public_html/wp-content/blogs.dir/46c/233785977/files/2024/06/pexels-photo-326576.jpeg]]></wp:meta_value>
  </wp:postmeta>
  <wp:postmeta>
    <wp:meta_key>_wp_attachment_metadata</wp:meta_key>
    <wp:meta_value><![CDATA[a:6:{s:5:"width";i:1880;s:6:"height";i:1098;s:4:"file";s:97:"/home/wpcom/public_html/wp-content/blogs.dir/46c/233785977/files/2024/06/pexels-photo-326576.jpeg";s:8:"filesize";i:58911;s:5:"sizes";a:0:{}s:10:"image_meta";a:12:{s:8:"aperture";s:1:"0";s:6:"credit";s:0:"";s:6:"camera";s:0:"";s:7:"caption";s:0:"";s:17:"created_timestamp";s:1:"0";s:9:"copyright";s:0:"";s:12:"focal_length";s:1:"0";s:3:"iso";s:1:"0";s:13:"shutter_speed";s:1:"0";s:5:"title";s:0:"";s:11:"orientation";s:1:"0";s:8:"keywords";a:0:{}}}]]></wp:meta_value>
  </wp:postmeta>
</item>
<item>
  <title><![CDATA[comments]]></title>
  <link>https://krystynapuhachovaexamtask3.wordpress.com/2024/06/03/comments/</link>
  <pubDate>Mon, 03 Jun 2024 14:10:25 +0000</pubDate>
  <dc:creator>pugachevak01</dc:creator>
  <guid isPermaLink="false">https://krystynapuhachovaexamtask3.wordpress.com/2024/06/03/comments/</guid>
  <description/>
  <content:encoded><![CDATA[]]></content:encoded>
  <excerpt:encoded><![CDATA[]]></excerpt:encoded>
  <wp:post_id>28</wp:post_id>
  <wp:post_date>2024-06-03 16:10:25</wp:post_date>
  <wp:post_date_gmt>2024-06-03 14:10:25</wp:post_date_gmt>
  <wp:post_modified>2024-06-03 16:20:00</wp:post_modified>
  <wp:post_modified_gmt>2024-06-03 14:20:00</wp:post_modified_gmt>
  <wp:comment_status>closed</wp:comment_status>
  <wp:ping_status>closed</wp:ping_status>
  <wp:post_name>comments</wp:post_name>
  <wp:status>publish</wp:status>
  <wp:post_parent>0</wp:post_parent>
  <wp:menu_order>0</wp:menu_order>
  <wp:post_type>wp_template_part</wp:post_type>
  <wp:post_password/>
  <wp:is_sticky>0</wp:is_sticky>
  <category domain="wp_theme" nicename="bute"><![CDATA[bute]]></category>
  <category domain="wp_template_part_area" nicename="uncategorized"><![CDATA[uncategorized]]></category>
  <wp:postmeta>
    <wp:meta_key>origin</wp:meta_key>
    <wp:meta_value><![CDATA[theme]]></wp:meta_value>
  </wp:postmeta>
  <wp:postmeta>
    <wp:meta_key>_publicize_pending</wp:meta_key>
    <wp:meta_value><![CDATA[1]]></wp:meta_value>
  </wp:postmeta>
</item>
<item>
  <title><![CDATA[Footer]]></title>
  <link>https://krystynapuhachovaexamtask3.wordpress.com/2024/06/03/footer/</link>
  <pubDate>Mon, 03 Jun 2024 14:15:07 +0000</pubDate>
  <dc:creator>pugachevak01</dc:creator>
  <guid isPermaLink="false">https://krystynapuhachovaexamtask3.wordpress.com/2024/06/03/footer/</guid>
  <description/>
  <content:encoded><![CDATA[<!-- wp:group {"align":"full","style":{"spacing":{"padding":{"top":"8vw","right":"var:preset|spacing|60","bottom":"8vw","left":"var:preset|spacing|60"},"margin":{"top":"0","bottom":"0"}}},"backgroundColor":"contrast","textColor":"base","layout":{"type":"constrained"}} -->
<div class="wp-block-group alignfull has-base-color has-contrast-background-color has-text-color has-background" style="margin-top:0;margin-bottom:0;padding-top:8vw;padding-right:var(--wp--preset--spacing--60);padding-bottom:8vw;padding-left:var(--wp--preset--spacing--60)"><!-- wp:columns {"align":"wide"} -->
<div class="wp-block-columns alignwide"><!-- wp:column {"width":"50%","style":{"spacing":{"blockGap":"var:preset|spacing|40"}}} -->
<div class="wp-block-column" style="flex-basis:50%"><!-- wp:heading {"level":3,"style":{"typography":{"textTransform":"uppercase"}}} -->
<h3 class="wp-block-heading" style="text-transform:uppercase">About the Blog</h3>
<!-- /wp:heading -->

<!-- wp:paragraph {"fontSize":"small"} -->
<p class="has-small-font-size">We’re dedicated to sharing enchanting tales from our globe-trotting adventures, bringing you authentic experiences, hidden gems, and practical travel tips.</p>
<!-- /wp:paragraph -->

<!-- wp:social-links {"iconColor":"base","iconColorValue":"#ffffff","size":"has-small-icon-size","className":"is-style-logos-only"} -->
<ul class="wp-block-social-links has-small-icon-size has-icon-color is-style-logos-only"><!-- wp:social-link {"url":"https://facebook.com/","service":"facebook"} /-->

<!-- wp:social-link {"url":"https://instagram.com/","service":"instagram"} /-->

<!-- wp:social-link {"url":"https://tumblr.com/","service":"tumblr"} /--></ul>
<!-- /wp:social-links -->

<!-- wp:paragraph {"lock":{"move":false,"remove":true},"style":{"elements":{"link":{"color":{"text":"var:preset|color|base"},":hover":{"color":{"text":"var:preset|color|base"}}}}},"fontSize":"x-small"} -->
<p class="has-link-color has-x-small-font-size">Designed with <a href="https://wordpress.org" rel="nofollow">WordPress</a></p>
<!-- /wp:paragraph --></div>
<!-- /wp:column -->

<!-- wp:column {"width":"50%","style":{"spacing":{"blockGap":"var:preset|spacing|40"}}} -->
<div class="wp-block-column" style="flex-basis:50%"><!-- wp:heading {"level":3,"style":{"typography":{"textTransform":"uppercase"}}} -->
<h3 class="wp-block-heading" style="text-transform:uppercase">Newsletter</h3>
<!-- /wp:heading -->

<!-- wp:paragraph {"fontSize":"small"} -->
<p class="has-small-font-size">Subscribe now to fuel your wanderlust, and join our community of passionate explorers. Don’t miss out - your next adventure awaits!</p>
<!-- /wp:paragraph -->

<!-- wp:jetpack/subscriptions {"submitButtonText":"Subscribe","buttonBackgroundColor":"primary","textColor":"base","borderColor":"primary"} /--></div>
<!-- /wp:column --></div>
<!-- /wp:columns --></div>
<!-- /wp:group -->]]></content:encoded>
  <excerpt:encoded><![CDATA[]]></excerpt:encoded>
  <wp:post_id>32</wp:post_id>
  <wp:post_date>2024-06-03 16:15:07</wp:post_date>
  <wp:post_date_gmt>2024-06-03 14:15:07</wp:post_date_gmt>
  <wp:post_modified>2024-06-03 16:15:08</wp:post_modified>
  <wp:post_modified_gmt>2024-06-03 14:15:08</wp:post_modified_gmt>
  <wp:comment_status>closed</wp:comment_status>
  <wp:ping_status>closed</wp:ping_status>
  <wp:post_name>footer</wp:post_name>
  <wp:status>publish</wp:status>
  <wp:post_parent>0</wp:post_parent>
  <wp:menu_order>0</wp:menu_order>
  <wp:post_type>wp_template_part</wp:post_type>
  <wp:post_password/>
  <wp:is_sticky>0</wp:is_sticky>
  <category domain="wp_template_part_area" nicename="footer"><![CDATA[footer]]></category>
  <category domain="wp_theme" nicename="bute"><![CDATA[bute]]></category>
  <wp:postmeta>
    <wp:meta_key>origin</wp:meta_key>
    <wp:meta_value><![CDATA[theme]]></wp:meta_value>
  </wp:postmeta>
  <wp:postmeta>
    <wp:meta_key>_publicize_pending</wp:meta_key>
    <wp:meta_value><![CDATA[1]]></wp:meta_value>
  </wp:postmeta>
</item>
<item>
  <title><![CDATA[Страница: 404]]></title>
  <link>https://krystynapuhachovaexamtask3.wordpress.com/2024/06/03/404/</link>
  <pubDate>Mon, 03 Jun 2024 14:16:53 +0000</pubDate>
  <dc:creator>pugachevak01</dc:creator>
  <guid isPermaLink="false">https://krystynapuhachovaexamtask3.wordpress.com/2024/06/03/404/</guid>
  <description/>
  <content:encoded><![CDATA[<!-- wp:template-part {"slug":"header","theme":"bute","tagName":"header"} /-->

<!-- wp:group {"tagName":"main","style":{"spacing":{"margin":{"top":"var:preset|spacing|80","bottom":"var:preset|spacing|80"}}},"layout":{"type":"constrained"}} -->
<main class="wp-block-group" style="margin-top:var(--wp--preset--spacing--80);margin-bottom:var(--wp--preset--spacing--80)"><!-- wp:heading {"textAlign":"left","level":1,"fontSize":"medium"} -->
<h1 class="wp-block-heading has-text-align-left has-medium-font-size" id="oops-that-page-can-t-be-found">Not </h1>
<!-- /wp:heading -->

<!-- wp:paragraph -->
<p>По данному адресу ничего не найдено. Попробуйте воспользоваться поиском.</p>
<!-- /wp:paragraph -->

<!-- wp:search {"label":"","showLabel":false,"placeholder":"Search...","buttonPosition":"button-inside","buttonUseIcon":true} /--></main>
<!-- /wp:group -->

<!-- wp:template-part {"slug":"footer","theme":"bute","tagName":"footer","className":"footer-container"} /-->]]></content:encoded>
  <excerpt:encoded><![CDATA[Отображается, когда посетитель просматривает несуществующую страницу, например неработающую ссылку или введенный с ошибкой URL-адрес.]]></excerpt:encoded>
  <wp:post_id>35</wp:post_id>
  <wp:post_date>2024-06-03 16:16:53</wp:post_date>
  <wp:post_date_gmt>2024-06-03 14:16:53</wp:post_date_gmt>
  <wp:post_modified>2024-06-03 16:19:59</wp:post_modified>
  <wp:post_modified_gmt>2024-06-03 14:19:59</wp:post_modified_gmt>
  <wp:comment_status>closed</wp:comment_status>
  <wp:ping_status>closed</wp:ping_status>
  <wp:post_name>404</wp:post_name>
  <wp:status>publish</wp:status>
  <wp:post_parent>0</wp:post_parent>
  <wp:menu_order>0</wp:menu_order>
  <wp:post_type>wp_template</wp:post_type>
  <wp:post_password/>
  <wp:is_sticky>0</wp:is_sticky>
  <category domain="wp_theme" nicename="bute"><![CDATA[bute]]></category>
  <wp:postmeta>
    <wp:meta_key>origin</wp:meta_key>
    <wp:meta_value><![CDATA[theme]]></wp:meta_value>
  </wp:postmeta>
  <wp:postmeta>
    <wp:meta_key>_publicize_pending</wp:meta_key>
    <wp:meta_value><![CDATA[1]]></wp:meta_value>
  </wp:postmeta>
</item>
<item>
  <title><![CDATA[Blogs]]></title>
  <link>https://krystynapuhachovaexamtask3.wordpress.com/blogs/</link>
  <pubDate>Mon, 03 Jun 2024 14:35:34 +0000</pubDate>
  <dc:creator>pugachevak01</dc:creator>
  <guid isPermaLink="false">https://krystynapuhachovaexamtask3.wordpress.com/?page_id=41</guid>
  <description/>
  <content:encoded><![CDATA[<!-- wp:jetpack/slideshow {"ids":[44,45,46],"sizeSlug":"large"} -->
<div class="wp-block-jetpack-slideshow aligncenter" data-effect="slide"><div class="wp-block-jetpack-slideshow_container swiper-container"><ul class="wp-block-jetpack-slideshow_swiper-wrapper swiper-wrapper"><li class="wp-block-jetpack-slideshow_slide swiper-slide"><figure><img alt="" class="wp-block-jetpack-slideshow_image wp-image-44" data-id="44" src="https://krystynapuhachovaexamtask3.wordpress.com/wp-content/uploads/2024/06/chjpdmf0zs9zdgf0awmvaw1hz2uvd2vic2l0zs8ymdiylta0l2xyl2zyc3vuc2v0x2r1c2tfbw9vbl9za3ktaw1hz2uta3liy20xagsuanbn.webp" /></figure></li><li class="wp-block-jetpack-slideshow_slide swiper-slide"><figure><img alt="" class="wp-block-jetpack-slideshow_image wp-image-45" data-id="45" src="https://krystynapuhachovaexamtask3.wordpress.com/wp-content/uploads/2024/06/chjpdmf0zs9zdgf0awmvaw1hz2uvd2vic2l0zs8ymdiylta0l2xyl2zyemhlbmd6ag91x2xpz2h0c19zdw5zzxrfy2l0es1pbwfnzs1rewjhnnpwec5qcgc.webp" /></figure></li><li class="wp-block-jetpack-slideshow_slide swiper-slide"><figure><img alt="" class="wp-block-jetpack-slideshow_image wp-image-46" data-id="46" src="https://krystynapuhachovaexamtask3.wordpress.com/wp-content/uploads/2024/06/cznmcy1wcml2yxrll3jhd3bpegvsx2ltywdlcy93zwjzaxrlx2nvbnrlbnqvbhivznj3awxkzxjuzxnzx3nrev9ib2xpdmlhxze2odm0mzataw1hz2uta3liy2rtmw8uanbn.webp" /></figure></li></ul><a class="wp-block-jetpack-slideshow_button-prev swiper-button-prev swiper-button-white" role="button"></a><a class="wp-block-jetpack-slideshow_button-next swiper-button-next swiper-button-white" role="button"></a><a aria-label="Pause Slideshow" class="wp-block-jetpack-slideshow_button-pause" role="button"></a><div class="wp-block-jetpack-slideshow_pagination swiper-pagination swiper-pagination-white"></div></div></div>
<!-- /wp:jetpack/slideshow -->

<!-- wp:a8c/blog-posts /-->]]></content:encoded>
  <excerpt:encoded><![CDATA[]]></excerpt:encoded>
  <wp:post_id>41</wp:post_id>
  <wp:post_date>2024-06-03 16:35:34</wp:post_date>
  <wp:post_date_gmt>2024-06-03 14:35:34</wp:post_date_gmt>
  <wp:post_modified>2024-06-03 16:35:34</wp:post_modified>
  <wp:post_modified_gmt>2024-06-03 14:35:34</wp:post_modified_gmt>
  <wp:comment_status>closed</wp:comment_status>
  <wp:ping_status>closed</wp:ping_status>
  <wp:post_name>blogs</wp:post_name>
  <wp:status>publish</wp:status>
  <wp:post_parent>0</wp:post_parent>
  <wp:menu_order>0</wp:menu_order>
  <wp:post_type>page</wp:post_type>
  <wp:post_password/>
  <wp:is_sticky>0</wp:is_sticky>
  <wp:postmeta>
    <wp:meta_key>_publicize_pending</wp:meta_key>
    <wp:meta_value><![CDATA[1]]></wp:meta_value>
  </wp:postmeta>
  <wp:postmeta>
    <wp:meta_key>firehose_sent</wp:meta_key>
    <wp:meta_value><![CDATA[1717425334]]></wp:meta_value>
  </wp:postmeta>
</item>
<item>
  <title><![CDATA[yellow cube on brown pavement]]></title>
  <link>https://krystynapuhachovaexamtask3.wordpress.com/blogs/pexels-photo-208147/</link>
  <pubDate>Mon, 03 Jun 2024 14:24:27 +0000</pubDate>
  <dc:creator>pugachevak01</dc:creator>
  <guid isPermaLink="false">http://krystynapuhachovaexamtask3.files.wordpress.com/2024/06/pexels-photo-208147.jpeg</guid>
  <description/>
  <content:encoded><![CDATA[]]></content:encoded>
  <excerpt:encoded><![CDATA[Photo by Pixabay on <a href="https://www.pexels.com/photo/yellow-cube-on-brown-pavement-208147/" rel="nofollow">Pexels.com</a>]]></excerpt:encoded>
  <wp:post_id>42</wp:post_id>
  <wp:post_date>2024-06-03 16:24:27</wp:post_date>
  <wp:post_date_gmt>2024-06-03 14:24:27</wp:post_date_gmt>
  <wp:post_modified>2024-06-03 16:24:27</wp:post_modified>
  <wp:post_modified_gmt>2024-06-03 14:24:27</wp:post_modified_gmt>
  <wp:comment_status>open</wp:comment_status>
  <wp:ping_status>closed</wp:ping_status>
  <wp:post_name>pexels-photo-208147</wp:post_name>
  <wp:status>inherit</wp:status>
  <wp:post_parent>41</wp:post_parent>
  <wp:menu_order>0</wp:menu_order>
  <wp:post_type>attachment</wp:post_type>
  <wp:post_password/>
  <wp:is_sticky>0</wp:is_sticky>
  <wp:attachment_url>https://krystynapuhachovaexamtask3.wordpress.com/wp-content/uploads/2024/06/pexels-photo-208147.jpeg</wp:attachment_url>
  <wp:postmeta>
    <wp:meta_key>_wp_attached_file</wp:meta_key>
    <wp:meta_value><![CDATA[/home/wpcom/public_html/wp-content/blogs.dir/46c/233785977/files/2024/06/pexels-photo-208147.jpeg]]></wp:meta_value>
  </wp:postmeta>
  <wp:postmeta>
    <wp:meta_key>_wp_attachment_metadata</wp:meta_key>
    <wp:meta_value><![CDATA[a:6:{s:5:"width";i:1880;s:6:"height";i:1192;s:4:"file";s:97:"/home/wpcom/public_html/wp-content/blogs.dir/46c/233785977/files/2024/06/pexels-photo-208147.jpeg";s:8:"filesize";i:83245;s:5:"sizes";a:0:{}s:10:"image_meta";a:12:{s:8:"aperture";s:1:"0";s:6:"credit";s:0:"";s:6:"camera";s:0:"";s:7:"caption";s:0:"";s:17:"created_timestamp";s:1:"0";s:9:"copyright";s:0:"";s:12:"focal_length";s:1:"0";s:3:"iso";s:1:"0";s:13:"shutter_speed";s:1:"0";s:5:"title";s:0:"";s:11:"orientation";s:1:"0";s:8:"keywords";a:0:{}}}]]></wp:meta_value>
  </wp:postmeta>
</item>
<item>
  <title><![CDATA[A starry night sky and and an atmospheric glow]]></title>
  <link>https://krystynapuhachovaexamtask3.wordpress.com/blogs/nasa-3502439/</link>
  <pubDate>Mon, 03 Jun 2024 14:25:02 +0000</pubDate>
  <dc:creator>pugachevak01</dc:creator>
  <guid isPermaLink="false">http://krystynapuhachovaexamtask3.files.wordpress.com/2024/06/51355243603_db7b0c4237_b.jpg</guid>
  <description/>
  <content:encoded><![CDATA[NASA 3502439]]></content:encoded>
  <excerpt:encoded><![CDATA[<a href="https://www.flickr.com/photos/29988733@N04/51355243603" rel="nofollow">A starry night sky and and an atmospheric glow</a> by <a href="https://www.flickr.com/photos/29988733@N04" rel="nofollow">NASA Johnson</a> is licensed under <a href="https://creativecommons.org/licenses/by-nc-nd/2.0/" rel="nofollow">CC-BY-NC-ND 2.0</a>]]></excerpt:encoded>
  <wp:post_id>43</wp:post_id>
  <wp:post_date>2024-06-03 16:25:02</wp:post_date>
  <wp:post_date_gmt>2024-06-03 14:25:02</wp:post_date_gmt>
  <wp:post_modified>2024-06-03 16:25:02</wp:post_modified>
  <wp:post_modified_gmt>2024-06-03 14:25:02</wp:post_modified_gmt>
  <wp:comment_status>open</wp:comment_status>
  <wp:ping_status>closed</wp:ping_status>
  <wp:post_name>nasa-3502439</wp:post_name>
  <wp:status>inherit</wp:status>
  <wp:post_parent>41</wp:post_parent>
  <wp:menu_order>0</wp:menu_order>
  <wp:post_type>attachment</wp:post_type>
  <wp:post_password/>
  <wp:is_sticky>0</wp:is_sticky>
  <wp:attachment_url>https://krystynapuhachovaexamtask3.wordpress.com/wp-content/uploads/2024/06/51355243603_db7b0c4237_b.jpg</wp:attachment_url>
  <wp:postmeta>
    <wp:meta_key>_wp_attached_file</wp:meta_key>
    <wp:meta_value><![CDATA[/home/wpcom/public_html/wp-content/blogs.dir/46c/233785977/files/2024/06/51355243603_db7b0c4237_b.jpg]]></wp:meta_value>
  </wp:postmeta>
  <wp:postmeta>
    <wp:meta_key>_wp_attachment_metadata</wp:meta_key>
    <wp:meta_value><![CDATA[a:6:{s:5:"width";i:1024;s:6:"height";i:683;s:4:"file";s:101:"/home/wpcom/public_html/wp-content/blogs.dir/46c/233785977/files/2024/06/51355243603_db7b0c4237_b.jpg";s:8:"filesize";i:179894;s:5:"sizes";a:0:{}s:10:"image_meta";a:12:{s:8:"aperture";s:1:"0";s:6:"credit";s:0:"";s:6:"camera";s:0:"";s:7:"caption";s:12:"NASA 3502439";s:17:"created_timestamp";s:1:"0";s:9:"copyright";s:0:"";s:12:"focal_length";s:1:"0";s:3:"iso";s:1:"0";s:13:"shutter_speed";s:1:"0";s:5:"title";s:12:"NASA 3502439";s:11:"orientation";s:1:"0";s:8:"keywords";a:0:{}}}]]></wp:meta_value>
  </wp:postmeta>
</item>
<item>
  <title><![CDATA[Nature landscape]]></title>
  <link>https://krystynapuhachovaexamtask3.wordpress.com/blogs/chjpdmf0zs9zdgf0awmvaw1hz2uvd2vic2l0zs8ymdiylta0l2xyl2zyc3vuc2v0x2r1c2tfbw9vbl9za3ktaw1hz2uta3liy20xagsuanbn/</link>
  <pubDate>Mon, 03 Jun 2024 14:27:44 +0000</pubDate>
  <dc:creator>pugachevak01</dc:creator>
  <guid isPermaLink="false">http://krystynapuhachovaexamtask3.files.wordpress.com/2024/06/chjpdmf0zs9zdgf0awmvaw1hz2uvd2vic2l0zs8ymdiylta0l2xyl2zyc3vuc2v0x2r1c2tfbw9vbl9za3ktaw1hz2uta3liy20xagsuanbn.webp</guid>
  <description/>
  <content:encoded><![CDATA[]]></content:encoded>
  <excerpt:encoded><![CDATA[]]></excerpt:encoded>
  <wp:post_id>44</wp:post_id>
  <wp:post_date>2024-06-03 16:27:44</wp:post_date>
  <wp:post_date_gmt>2024-06-03 14:27:44</wp:post_date_gmt>
  <wp:post_modified>2024-06-03 16:27:47</wp:post_modified>
  <wp:post_modified_gmt>2024-06-03 14:27:47</wp:post_modified_gmt>
  <wp:comment_status>open</wp:comment_status>
  <wp:ping_status>closed</wp:ping_status>
  <wp:post_name>chjpdmf0zs9zdgf0awmvaw1hz2uvd2vic2l0zs8ymdiylta0l2xyl2zyc3vuc2v0x2r1c2tfbw9vbl9za3ktaw1hz2uta3liy20xagsuanbn</wp:post_name>
  <wp:status>inherit</wp:status>
  <wp:post_parent>41</wp:post_parent>
  <wp:menu_order>0</wp:menu_order>
  <wp:post_type>attachment</wp:post_type>
  <wp:post_password/>
  <wp:is_sticky>0</wp:is_sticky>
  <wp:attachment_url>https://krystynapuhachovaexamtask3.wordpress.com/wp-content/uploads/2024/06/chjpdmf0zs9zdgf0awmvaw1hz2uvd2vic2l0zs8ymdiylta0l2xyl2zyc3vuc2v0x2r1c2tfbw9vbl9za3ktaw1hz2uta3liy20xagsuanbn.webp</wp:attachment_url>
  <wp:postmeta>
    <wp:meta_key>_wp_attached_file</wp:meta_key>
    <wp:meta_value><![CDATA[/home/wpcom/public_html/wp-content/blogs.dir/46c/233785977/files/2024/06/chjpdmf0zs9zdgf0awmvaw1hz2uvd2vic2l0zs8ymdiylta0l2xyl2zyc3vuc2v0x2r1c2tfbw9vbl9za3ktaw1hz2uta3liy20xagsuanbn.webp]]></wp:meta_value>
  </wp:postmeta>
  <wp:postmeta>
    <wp:meta_key>_wp_attachment_metadata</wp:meta_key>
    <wp:meta_value><![CDATA[a:6:{s:5:"width";i:1024;s:6:"height";i:683;s:4:"file";s:186:"/home/wpcom/public_html/wp-content/blogs.dir/46c/233785977/files/2024/06/chjpdmf0zs9zdgf0awmvaw1hz2uvd2vic2l0zs8ymdiylta0l2xyl2zyc3vuc2v0x2r1c2tfbw9vbl9za3ktaw1hz2uta3liy20xagsuanbn.webp";s:8:"filesize";i:281378;s:5:"sizes";a:0:{}s:10:"image_meta";a:12:{s:8:"aperture";s:1:"0";s:6:"credit";s:0:"";s:6:"camera";s:0:"";s:7:"caption";s:0:"";s:17:"created_timestamp";s:1:"0";s:9:"copyright";s:0:"";s:12:"focal_length";s:1:"0";s:3:"iso";s:1:"0";s:13:"shutter_speed";s:1:"0";s:5:"title";s:0:"";s:11:"orientation";s:1:"0";s:8:"keywords";a:0:{}}}]]></wp:meta_value>
  </wp:postmeta>
</item>
<item>
  <title><![CDATA[Nature landscape]]></title>
  <link>https://krystynapuhachovaexamtask3.wordpress.com/blogs/chjpdmf0zs9zdgf0awmvaw1hz2uvd2vic2l0zs8ymdiylta0l2xyl2zyemhlbmd6ag91x2xpz2h0c19zdw5zzxrfy2l0es1pbwfnzs1rewjhnnpwec5qcgc/</link>
  <pubDate>Mon, 03 Jun 2024 14:27:45 +0000</pubDate>
  <dc:creator>pugachevak01</dc:creator>
  <guid isPermaLink="false">http://krystynapuhachovaexamtask3.files.wordpress.com/2024/06/chjpdmf0zs9zdgf0awmvaw1hz2uvd2vic2l0zs8ymdiylta0l2xyl2zyemhlbmd6ag91x2xpz2h0c19zdw5zzxrfy2l0es1pbwfnzs1rewjhnnpwec5qcgc.webp</guid>
  <description/>
  <content:encoded><![CDATA[]]></content:encoded>
  <excerpt:encoded><![CDATA[]]></excerpt:encoded>
  <wp:post_id>45</wp:post_id>
  <wp:post_date>2024-06-03 16:27:45</wp:post_date>
  <wp:post_date_gmt>2024-06-03 14:27:45</wp:post_date_gmt>
  <wp:post_modified>2024-06-03 16:27:47</wp:post_modified>
  <wp:post_modified_gmt>2024-06-03 14:27:47</wp:post_modified_gmt>
  <wp:comment_status>open</wp:comment_status>
  <wp:ping_status>closed</wp:ping_status>
  <wp:post_name>chjpdmf0zs9zdgf0awmvaw1hz2uvd2vic2l0zs8ymdiylta0l2xyl2zyemhlbmd6ag91x2xpz2h0c19zdw5zzxrfy2l0es1pbwfnzs1rewjhnnpwec5qcgc</wp:post_name>
  <wp:status>inherit</wp:status>
  <wp:post_parent>41</wp:post_parent>
  <wp:menu_order>0</wp:menu_order>
  <wp:post_type>attachment</wp:post_type>
  <wp:post_password/>
  <wp:is_sticky>0</wp:is_sticky>
  <wp:attachment_url>https://krystynapuhachovaexamtask3.wordpress.com/wp-content/uploads/2024/06/chjpdmf0zs9zdgf0awmvaw1hz2uvd2vic2l0zs8ymdiylta0l2xyl2zyemhlbmd6ag91x2xpz2h0c19zdw5zzxrfy2l0es1pbwfnzs1rewjhnnpwec5qcgc.webp</wp:attachment_url>
  <wp:postmeta>
    <wp:meta_key>_wp_attached_file</wp:meta_key>
    <wp:meta_value><![CDATA[/home/wpcom/public_html/wp-content/blogs.dir/46c/233785977/files/2024/06/chjpdmf0zs9zdgf0awmvaw1hz2uvd2vic2l0zs8ymdiylta0l2xyl2zyemhlbmd6ag91x2xpz2h0c19zdw5zzxrfy2l0es1pbwfnzs1rewjhnnpwec5qcgc.webp]]></wp:meta_value>
  </wp:postmeta>
  <wp:postmeta>
    <wp:meta_key>_wp_attachment_metadata</wp:meta_key>
    <wp:meta_value><![CDATA[a:6:{s:5:"width";i:1024;s:6:"height";i:576;s:4:"file";s:197:"/home/wpcom/public_html/wp-content/blogs.dir/46c/233785977/files/2024/06/chjpdmf0zs9zdgf0awmvaw1hz2uvd2vic2l0zs8ymdiylta0l2xyl2zyemhlbmd6ag91x2xpz2h0c19zdw5zzxrfy2l0es1pbwfnzs1rewjhnnpwec5qcgc.webp";s:8:"filesize";i:296374;s:5:"sizes";a:0:{}s:10:"image_meta";a:12:{s:8:"aperture";s:1:"0";s:6:"credit";s:0:"";s:6:"camera";s:0:"";s:7:"caption";s:0:"";s:17:"created_timestamp";s:1:"0";s:9:"copyright";s:0:"";s:12:"focal_length";s:1:"0";s:3:"iso";s:1:"0";s:13:"shutter_speed";s:1:"0";s:5:"title";s:0:"";s:11:"orientation";s:1:"0";s:8:"keywords";a:0:{}}}]]></wp:meta_value>
  </wp:postmeta>
</item>
<item>
  <title><![CDATA[Nature landscape]]></title>
  <link>https://krystynapuhachovaexamtask3.wordpress.com/blogs/cznmcy1wcml2yxrll3jhd3bpegvsx2ltywdlcy93zwjzaxrlx2nvbnrlbnqvbhivznj3awxkzxjuzxnzx3nrev9ib2xpdmlhxze2odm0mzataw1hz2uta3liy2rtmw8uanbn/</link>
  <pubDate>Mon, 03 Jun 2024 14:27:47 +0000</pubDate>
  <dc:creator>pugachevak01</dc:creator>
  <guid isPermaLink="false">http://krystynapuhachovaexamtask3.files.wordpress.com/2024/06/cznmcy1wcml2yxrll3jhd3bpegvsx2ltywdlcy93zwjzaxrlx2nvbnrlbnqvbhivznj3awxkzxjuzxnzx3nrev9ib2xpdmlhxze2odm0mzataw1hz2uta3liy2rtmw8uanbn.webp</guid>
  <description/>
  <content:encoded><![CDATA[]]></content:encoded>
  <excerpt:encoded><![CDATA[]]></excerpt:encoded>
  <wp:post_id>46</wp:post_id>
  <wp:post_date>2024-06-03 16:27:47</wp:post_date>
  <wp:post_date_gmt>2024-06-03 14:27:47</wp:post_date_gmt>
  <wp:post_modified>2024-06-03 16:27:47</wp:post_modified>
  <wp:post_modified_gmt>2024-06-03 14:27:47</wp:post_modified_gmt>
  <wp:comment_status>open</wp:comment_status>
  <wp:ping_status>closed</wp:ping_status>
  <wp:post_name>cznmcy1wcml2yxrll3jhd3bpegvsx2ltywdlcy93zwjzaxrlx2nvbnrlbnqvbhivznj3awxkzxjuzxnzx3nrev9ib2xpdmlhxze2odm0mzataw1hz2uta3liy2rtmw8uanbn</wp:post_name>
  <wp:status>inherit</wp:status>
  <wp:post_parent>41</wp:post_parent>
  <wp:menu_order>0</wp:menu_order>
  <wp:post_type>attachment</wp:post_type>
  <wp:post_password/>
  <wp:is_sticky>0</wp:is_sticky>
  <wp:attachment_url>https://krystynapuhachovaexamtask3.wordpress.com/wp-content/uploads/2024/06/cznmcy1wcml2yxrll3jhd3bpegvsx2ltywdlcy93zwjzaxrlx2nvbnrlbnqvbhivznj3awxkzxjuzxnzx3nrev9ib2xpdmlhxze2odm0mzataw1hz2uta3liy2rtmw8uanbn.webp</wp:attachment_url>
  <wp:postmeta>
    <wp:meta_key>_wp_attached_file</wp:meta_key>
    <wp:meta_value><![CDATA[/home/wpcom/public_html/wp-content/blogs.dir/46c/233785977/files/2024/06/cznmcy1wcml2yxrll3jhd3bpegvsx2ltywdlcy93zwjzaxrlx2nvbnrlbnqvbhivznj3awxkzxjuzxnzx3nrev9ib2xpdmlhxze2odm0mzataw1hz2uta3liy2rtmw8uanbn.webp]]></wp:meta_value>
  </wp:postmeta>
  <wp:postmeta>
    <wp:meta_key>_wp_attachment_metadata</wp:meta_key>
    <wp:meta_value><![CDATA[a:6:{s:5:"width";i:1024;s:6:"height";i:683;s:4:"file";s:210:"/home/wpcom/public_html/wp-content/blogs.dir/46c/233785977/files/2024/06/cznmcy1wcml2yxrll3jhd3bpegvsx2ltywdlcy93zwjzaxrlx2nvbnrlbnqvbhivznj3awxkzxjuzxnzx3nrev9ib2xpdmlhxze2odm0mzataw1hz2uta3liy2rtmw8uanbn.webp";s:8:"filesize";i:405030;s:5:"sizes";a:0:{}s:10:"image_meta";a:12:{s:8:"aperture";s:1:"0";s:6:"credit";s:0:"";s:6:"camera";s:0:"";s:7:"caption";s:0:"";s:17:"created_timestamp";s:1:"0";s:9:"copyright";s:0:"";s:12:"focal_length";s:1:"0";s:3:"iso";s:1:"0";s:13:"shutter_speed";s:1:"0";s:5:"title";s:0:"";s:11:"orientation";s:1:"0";s:8:"keywords";a:0:{}}}]]></wp:meta_value>
  </wp:postmeta>
</item>
<item>
  <title><![CDATA[Hello world]]></title>
  <link>https://krystynapuhachovaexamtask3.wordpress.com/?page_id=50</link>
  <pubDate>Mon, 03 Jun 2024 14:40:52 +0000</pubDate>
  <dc:creator>pugachevak01</dc:creator>
  <guid isPermaLink="false">https://krystynapuhachovaexamtask3.wordpress.com/?page_id=50</guid>
  <description/>
  <content:encoded><![CDATA[]]></content:encoded>
  <excerpt:encoded><![CDATA[]]></excerpt:encoded>
  <wp:post_id>50</wp:post_id>
  <wp:post_date>2024-06-03 16:40:52</wp:post_date>
  <wp:post_date_gmt>2024-06-03 14:40:52</wp:post_date_gmt>
  <wp:post_modified>2024-06-03 16:40:52</wp:post_modified>
  <wp:post_modified_gmt>2024-06-03 14:40:52</wp:post_modified_gmt>
  <wp:comment_status>closed</wp:comment_status>
  <wp:ping_status>closed</wp:ping_status>
  <wp:post_name>hello-world__trashed</wp:post_name>
  <wp:status>trash</wp:status>
  <wp:post_parent>0</wp:post_parent>
  <wp:menu_order>0</wp:menu_order>
  <wp:post_type>page</wp:post_type>
  <wp:post_password/>
  <wp:is_sticky>0</wp:is_sticky>
  <wp:postmeta>
    <wp:meta_key>_wp_trash_meta_status</wp:meta_key>
    <wp:meta_value><![CDATA[draft]]></wp:meta_value>
  </wp:postmeta>
  <wp:postmeta>
    <wp:meta_key>_wp_trash_meta_time</wp:meta_key>
    <wp:meta_value><![CDATA[1717425652]]></wp:meta_value>
  </wp:postmeta>
  <wp:postmeta>
    <wp:meta_key>_wp_desired_post_slug</wp:meta_key>
    <wp:meta_value><![CDATA[hello-world]]></wp:meta_value>
  </wp:postmeta>
</item>
<item>
  <title><![CDATA[Second]]></title>
  <link>https://krystynapuhachovaexamtask3.wordpress.com/2024/06/03/second/</link>
  <pubDate>Mon, 03 Jun 2024 14:42:10 +0000</pubDate>
  <dc:creator>pugachevak01</dc:creator>
  <guid isPermaLink="false">https://krystynapuhachovaexamtask3.wordpress.com/?p=52</guid>
  <description/>
  <content:encoded><![CDATA[<!-- wp:media-text {"mediaId":53,"mediaType":"image","imageFill":false} -->
<div class="wp-block-media-text is-stacked-on-mobile"><figure class="wp-block-media-text__media"><img src="https://krystynapuhachovaexamtask3.wordpress.com/wp-content/uploads/2024/06/5638320778_076e33a851.jpg" alt="" class="wp-image-53 size-full" /></figure><div class="wp-block-media-text__content"><!-- wp:paragraph {"placeholder":"Content…"} -->
<p>Content</p>
<!-- /wp:paragraph --></div></div>
<!-- /wp:media-text -->

<!-- wp:paragraph -->
<p></p>
<!-- /wp:paragraph -->]]></content:encoded>
  <excerpt:encoded><![CDATA[]]></excerpt:encoded>
  <wp:post_id>52</wp:post_id>
  <wp:post_date>2024-06-03 16:42:10</wp:post_date>
  <wp:post_date_gmt>2024-06-03 14:42:10</wp:post_date_gmt>
  <wp:post_modified>2024-06-03 16:42:10</wp:post_modified>
  <wp:post_modified_gmt>2024-06-03 14:42:10</wp:post_modified_gmt>
  <wp:comment_status>open</wp:comment_status>
  <wp:ping_status>open</wp:ping_status>
  <wp:post_name>second</wp:post_name>
  <wp:status>publish</wp:status>
  <wp:post_parent>0</wp:post_parent>
  <wp:menu_order>0</wp:menu_order>
  <wp:post_type>post</wp:post_type>
  <wp:post_password/>
  <wp:is_sticky>0</wp:is_sticky>
  <category domain="category" nicename="%d0%b1%d0%b5%d0%b7-%d1%80%d1%83%d0%b1%d1%80%d0%b8%d0%ba%d0%b8"><![CDATA[Без рубрики]]></category>
  <wp:postmeta>
    <wp:meta_key>_last_editor_used_jetpack</wp:meta_key>
    <wp:meta_value><![CDATA[block-editor]]></wp:meta_value>
  </wp:postmeta>
  <wp:postmeta>
    <wp:meta_key>_publicize_job_id</wp:meta_key>
    <wp:meta_value><![CDATA[95135644998]]></wp:meta_value>
  </wp:postmeta>
  <wp:postmeta>
    <wp:meta_key>firehose_sent</wp:meta_key>
    <wp:meta_value><![CDATA[1717425730]]></wp:meta_value>
  </wp:postmeta>
  <wp:postmeta>
    <wp:meta_key>timeline_notification</wp:meta_key>
    <wp:meta_value><![CDATA[1717425730]]></wp:meta_value>
  </wp:postmeta>
  <wp:postmeta>
    <wp:meta_key>wordads_ufa</wp:meta_key>
    <wp:meta_value><![CDATA[s:wpcom-ufa-v4:1717425993]]></wp:meta_value>
  </wp:postmeta>
</item>
<item>
  <title><![CDATA[Ocean Sand, Bahamas]]></title>
  <link>https://krystynapuhachovaexamtask3.wordpress.com/2024/06/03/second/5638320778_076e33a851/</link>
  <pubDate>Mon, 03 Jun 2024 14:41:44 +0000</pubDate>
  <dc:creator>pugachevak01</dc:creator>
  <guid isPermaLink="false">http://krystynapuhachovaexamtask3.files.wordpress.com/2024/06/5638320778_076e33a851.jpg</guid>
  <description/>
  <content:encoded><![CDATA[]]></content:encoded>
  <excerpt:encoded><![CDATA[<a href="https://www.flickr.com/photos/24662369@N07/5638320778" rel="nofollow">Ocean Sand, Bahamas</a> by <a href="https://www.flickr.com/photos/24662369@N07" rel="nofollow">NASA Goddard Photo and Video</a> is licensed under <a href="https://creativecommons.org/licenses/by/2.0/" rel="nofollow">CC-BY 2.0</a>]]></excerpt:encoded>
  <wp:post_id>53</wp:post_id>
  <wp:post_date>2024-06-03 16:41:44</wp:post_date>
  <wp:post_date_gmt>2024-06-03 14:41:44</wp:post_date_gmt>
  <wp:post_modified>2024-06-03 16:41:44</wp:post_modified>
  <wp:post_modified_gmt>2024-06-03 14:41:44</wp:post_modified_gmt>
  <wp:comment_status>open</wp:comment_status>
  <wp:ping_status>closed</wp:ping_status>
  <wp:post_name>5638320778_076e33a851</wp:post_name>
  <wp:status>inherit</wp:status>
  <wp:post_parent>52</wp:post_parent>
  <wp:menu_order>0</wp:menu_order>
  <wp:post_type>attachment</wp:post_type>
  <wp:post_password/>
  <wp:is_sticky>0</wp:is_sticky>
  <wp:attachment_url>https://krystynapuhachovaexamtask3.wordpress.com/wp-content/uploads/2024/06/5638320778_076e33a851.jpg</wp:attachment_url>
  <wp:postmeta>
    <wp:meta_key>_wp_attached_file</wp:meta_key>
    <wp:meta_value><![CDATA[/home/wpcom/public_html/wp-content/blogs.dir/46c/233785977/files/2024/06/5638320778_076e33a851.jpg]]></wp:meta_value>
  </wp:postmeta>
  <wp:postmeta>
    <wp:meta_key>_wp_attachment_metadata</wp:meta_key>
    <wp:meta_value><![CDATA[a:6:{s:5:"width";i:500;s:6:"height";i:345;s:4:"file";s:98:"/home/wpcom/public_html/wp-content/blogs.dir/46c/233785977/files/2024/06/5638320778_076e33a851.jpg";s:8:"filesize";i:109675;s:5:"sizes";a:0:{}s:10:"image_meta";a:12:{s:8:"aperture";s:1:"0";s:6:"credit";s:0:"";s:6:"camera";s:0:"";s:7:"caption";s:0:"";s:17:"created_timestamp";s:1:"0";s:9:"copyright";s:0:"";s:12:"focal_length";s:1:"0";s:3:"iso";s:1:"0";s:13:"shutter_speed";s:1:"0";s:5:"title";s:0:"";s:11:"orientation";s:1:"0";s:8:"keywords";a:0:{}}}]]></wp:meta_value>
  </wp:postmeta>
</item>
<item>
  <title><![CDATA[Front Page]]></title>
  <link>https://krystynapuhachovaexamtask3.wordpress.com/2024/06/03/front-page/</link>
  <pubDate>Mon, 03 Jun 2024 14:45:33 +0000</pubDate>
  <dc:creator>pugachevak01</dc:creator>
  <guid isPermaLink="false">https://krystynapuhachovaexamtask3.wordpress.com/2024/06/03/front-page/</guid>
  <description/>
  <content:encoded><![CDATA[<!-- wp:group {"style":{"position":{"type":""}},"layout":{"type":"default"}} -->
<div class="wp-block-group"><!-- wp:cover {"url":"https://s0.wp.com/wp-content/themes/pub/bute/assets/images/StockSnap_D49XR0MX5L.jpg","dimRatio":0,"focalPoint":{"x":1,"y":1},"minHeight":100,"minHeightUnit":"vh","isDark":false,"style":{"spacing":{"padding":{"top":"0","right":"0","bottom":"0","left":"0"}},"layout":{"selfStretch":"fill","flexSize":null}},"layout":{"type":"default"}} -->
<div class="wp-block-cover is-light" style="padding-top:0;padding-right:0;padding-bottom:0;padding-left:0;min-height:100vh"><span aria-hidden="true" class="wp-block-cover__background has-background-dim-0 has-background-dim"></span><img class="wp-block-cover__image-background" alt="" src="https://s0.wp.com/wp-content/themes/pub/bute/assets/images/StockSnap_D49XR0MX5L.jpg" style="object-position:100% 100%" data-object-fit="cover" data-object-position="100% 100%" /><div class="wp-block-cover__inner-container"><!-- wp:group {"style":{"dimensions":{"minHeight":"100vh"}},"layout":{"type":"flex","orientation":"vertical","justifyContent":"stretch","verticalAlignment":"space-between"}} -->
<div class="wp-block-group" style="min-height:100vh"><!-- wp:group {"layout":{"type":"constrained"}} -->
<div class="wp-block-group"><!-- wp:group {"align":"full","style":{"spacing":{"padding":{"top":"var:preset|spacing|50","bottom":"var:preset|spacing|50","left":"var:preset|spacing|50","right":"var:preset|spacing|50"}}},"textColor":"contrast","layout":{"type":"flex","flexWrap":"nowrap","justifyContent":"space-between","verticalAlignment":"center"}} -->
<div class="wp-block-group alignfull has-contrast-color has-text-color" style="padding-top:var(--wp--preset--spacing--50);padding-right:var(--wp--preset--spacing--50);padding-bottom:var(--wp--preset--spacing--50);padding-left:var(--wp--preset--spacing--50)"><!-- wp:site-title /-->

<!-- wp:group {"style":{"spacing":{"blockGap":"var:preset|spacing|40"}},"layout":{"type":"flex","flexWrap":"nowrap"}} -->
<div class="wp-block-group"><!-- wp:social-links {"iconColor":"contrast","size":"has-small-icon-size","className":"has-icon-color is-style-logos-only"} -->
<ul class="wp-block-social-links has-small-icon-size has-icon-color is-style-logos-only"><!-- wp:social-link {"url":"https://facebook.com/","service":"facebook"} /-->

<!-- wp:social-link {"url":"https://instagram.com/","service":"instagram"} /-->

<!-- wp:social-link {"url":"https://tumblr.com/","service":"tumblr"} /--></ul>
<!-- /wp:social-links -->

<!-- wp:navigation {"ref":4,"overlayMenu":"always","layout":{"type":"flex","justifyContent":"center"},"style":{"spacing":{"blockGap":"var:preset|spacing|30"}},"fontSize":"xx-large"} /--></div>
<!-- /wp:group --></div>
<!-- /wp:group --></div>
<!-- /wp:group -->

<!-- wp:group {"style":{"layout":{"flexSize":"88px","selfStretch":"fixed"}},"layout":{"type":"constrained","contentSize":"900px"}} -->
<div class="wp-block-group"><!-- wp:heading {"textAlign":"center","level":1,"style":{"typography":{"lineHeight":"0.8","textTransform":"uppercase","fontStyle":"normal","fontWeight":"800"},"color":{"text":"#dcbc06"}},"fontSize":"xxxx-large"} -->
<h1 class="wp-block-heading has-text-align-center has-text-color has-xxxx-large-font-size" style="color:#dcbc06;font-style:normal;font-weight:800;line-height:0.8;text-transform:uppercase">Embark<br>on an<br>Adventure</h1>
<!-- /wp:heading -->

<!-- wp:paragraph {"align":"center","style":{"elements":{"link":{"color":{"text":"var:preset|color|base"},":hover":{"color":{"text":"var:preset|color|base"}}}},"typography":{"fontStyle":"normal","fontWeight":"500"}}} -->
<p class="has-text-align-center has-link-color" style="font-style:normal;font-weight:500"><a href="https://krystynapuhachovaexamtask3.wordpress.com/blogs/">Explore our insights</a>→</p>
<!-- /wp:paragraph --></div>
<!-- /wp:group -->

<!-- wp:spacer {"height":"0px","style":{"layout":{"flexSize":"88px","selfStretch":"fixed"}}} -->
<div style="height:0px" aria-hidden="true" class="wp-block-spacer"></div>
<!-- /wp:spacer --></div>
<!-- /wp:group --></div></div>
<!-- /wp:cover --></div>
<!-- /wp:group -->]]></content:encoded>
  <excerpt:encoded><![CDATA[Displays your site's homepage, whether it is set to display latest posts or a static page. The Front Page template takes precedence over all templates.]]></excerpt:encoded>
  <wp:post_id>58</wp:post_id>
  <wp:post_date>2024-06-03 16:45:33</wp:post_date>
  <wp:post_date_gmt>2024-06-03 14:45:33</wp:post_date_gmt>
  <wp:post_modified>2024-06-03 16:45:33</wp:post_modified>
  <wp:post_modified_gmt>2024-06-03 14:45:33</wp:post_modified_gmt>
  <wp:comment_status>closed</wp:comment_status>
  <wp:ping_status>closed</wp:ping_status>
  <wp:post_name>front-page</wp:post_name>
  <wp:status>publish</wp:status>
  <wp:post_parent>0</wp:post_parent>
  <wp:menu_order>0</wp:menu_order>
  <wp:post_type>wp_template</wp:post_type>
  <wp:post_password/>
  <wp:is_sticky>0</wp:is_sticky>
  <category domain="wp_theme" nicename="bute"><![CDATA[bute]]></category>
  <wp:postmeta>
    <wp:meta_key>origin</wp:meta_key>
    <wp:meta_value><![CDATA[theme]]></wp:meta_value>
  </wp:postmeta>
  <wp:postmeta>
    <wp:meta_key>_publicize_pending</wp:meta_key>
    <wp:meta_value><![CDATA[1]]></wp:meta_value>
  </wp:postmeta>
</item>
  </channel>
</rss>
